Store,Cluster,ClusterName,AvgSales,StdSales,CV
1,0,MID-VOLUME STORES,4759.096030729834,1012.1063931339861,0.2126677811497689
2,0,MID-VOLUME STORES,4953.900510204082,1610.1491019698924,0.3250265318516783
3,0,MID-VOLUME STORES,6942.568677792041,2193.3838042966454,0.31593260450024263
4,1,HIGH-VOLUME STORES,9638.401785714286,1936.0318808651007,0.2008664842893997
5,0,MID-VOLUME STORES,4676.274711168165,1765.7456282447836,0.3775966420509304
6,0,MID-VOLUME STORES,5509.946153846154,1577.3801331284312,0.28627868387195754
7,1,HIGH-VOLUME STORES,8817.050890585242,2448.618883814134,0.27771404681680406
8,0,MID-VOLUME STORES,5539.3584183673465,1894.0945579586112,0.34193392355298624
9,0,MID-VOLUME STORES,6562.337612323492,1628.6539398516463,0.24818197966425526
10,0,MID-VOLUME STORES,5568.4209183673465,1051.1327740493298,0.18876675981554938
11,1,HIGH-VOLUME STORES,8030.977040816327,2242.5260261055687,0.2792345208694087
12,0,MID-VOLUME STORES,7589.598214285715,2055.967799328141,0.27089283797108565
13,0,MID-VOLUME STORES,5034.747181964573,1617.506666141505,0.32126869685447623
14,0,MID-VOLUME STORES,5508.567394094994,1479.6472358071142,0.2686083567559232
15,0,MID-VOLUME STORES,6672.844387755102,1625.6661575976307,0.24362416731623232
16,0,MID-VOLUME STORES,7680.683397683398,1904.3579559463253,0.24794121269478528
17,0,MID-VOLUME STORES,6335.6624040920715,2497.622418941427,0.3942164622484091
18,0,MID-VOLUME STORES,6560.277493606138,1783.419400041794,0.2718512138823355
19,0,MID-VOLUME STORES,6464.915275994866,1842.0713550596743,0.284933564697985
20,0,MID-VOLUME STORES,7756.9353796445885,1695.430874493675,0.21856967881191208
21,0,MID-VOLUME STORES,5482.320463320463,1790.771323911026,0.326644773119741
22,0,MID-VOLUME STORES,4525.857835218094,1140.0046112788557,0.2518869687880774
23,0,MID-VOLUME STORES,5520.281129653402,1605.5300230134883,0.29084207584809973
24,1,HIGH-VOLUME STORES,9388.28626444159,2604.8210323838753,0.2774543680298407
25,1,HIGH-VOLUME STORES,11168.742666666667,2807.8711955228787,0.25140441313085543
26,0,MID-VOLUME STORES,6671.695652173913,2012.8004028395899,0.3016924793599865
27,1,HIGH-VOLUME STORES,9478.57381258023,2915.379757284599,0.3075757824890517
28,0,MID-VOLUME STORES,5313.736979166667,2128.425550912101,0.40055154390533904
29,0,MID-VOLUME STORES,7364.775353016688,2204.586750381418,0.29934202262916226
30,0,MID-VOLUME STORES,5294.782496782497,1542.345143458142,0.2912952787759243
31,0,MID-VOLUME STORES,5862.427295918367,1333.9646416623827,0.22754476504828247
32,0,MID-VOLUME STORES,4067.8212560386473,1278.9942679128415,0.31441751920986816
33,0,MID-VOLUME STORES,8436.659820282413,1745.3864720537538,0.20688121949135643
34,0,MID-VOLUME STORES,8031.485969387755,1513.0003548832915,0.18838361427139844
35,1,HIGH-VOLUME STORES,9703.071887034659,2998.390768904521,0.30901458876245164
36,1,HIGH-VOLUME STORES,9363.638263665594,1323.5946660328486,0.1413547414757455
37,0,MID-VOLUME STORES,7114.170512820513,1890.9912745470517,0.2658062905772751
38,0,MID-VOLUME STORES,6004.643132220795,1811.5706491756546,0.30169497325408107
39,0,MID-VOLUME STORES,4852.571245186136,1864.5306530848238,0.38423560600670864
40,0,MID-VOLUME STORES,4902.3389175257735,1125.8411678870502,0.22965388293783368
41,0,MID-VOLUME STORES,5335.059485530546,1377.7957499211793,0.25825311857495886
42,1,HIGH-VOLUME STORES,10178.136071887035,2487.339190543346,0.24438061870813554
43,0,MID-VOLUME STORES,6822.9139922978175,1963.712854219552,0.2878114624391174
44,0,MID-VOLUME STORES,5478.5,1585.82126854997,0.28946267565026373
45,0,MID-VOLUME STORES,5348.469833119384,1321.448189986602,0.24707032688186537
46,0,MID-VOLUME STORES,5352.290996784566,1578.7542033734119,0.29496793136282423
47,0,MID-VOLUME STORES,7145.102040816327,1745.3600146931933,0.24427363034465302
48,0,MID-VOLUME STORES,3934.966836734694,905.3725079817355,0.23008389791997072
49,0,MID-VOLUME STORES,7304.113256113256,1811.9482445050064,0.24807230952894616
50,0,MID-VOLUME STORES,4256.070603337613,1181.059842281453,0.27750005870562044
51,0,MID-VOLUME STORES,6675.286173633441,1516.2807743197864,0.2271484300267019
52,0,MID-VOLUME STORES,7407.945337620578,1995.8422871084854,0.269419143385519
53,0,MID-VOLUME STORES,5264.807397959184,1479.465504394612,0.28101037560616227
54,0,MID-VOLUME STORES,7907.538853503184,2081.5791454093887,0.26323982518115746
55,0,MID-VOLUME STORES,4598.989743589744,1533.8537787314715,0.3335197215582875
56,0,MID-VOLUME STORES,7321.754161331626,1730.4316916555447,0.23634113540638554
57,1,HIGH-VOLUME STORES,10605.50455136541,3687.7729973511496,0.347722541581142
58,0,MID-VOLUME STORES,6336.158908507223,1789.0905876047868,0.28236201355409035
59,0,MID-VOLUME STORES,5501.312020460358,1913.4280871368167,0.34781304532817575
60,1,HIGH-VOLUME STORES,8033.087179487179,2697.448807085022,0.3357922983797648
61,0,MID-VOLUME STORES,4722.005148005148,1192.8490725013266,0.252614945370243
62,0,MID-VOLUME STORES,6503.86649550706,1831.510494555029,0.28160333485016276
63,0,MID-VOLUME STORES,6956.3877551020405,1858.9440204496022,0.26722834981218413
64,1,HIGH-VOLUME STORES,10359.525032092426,2644.0081093076624,0.2552248390845022
65,0,MID-VOLUME STORES,5112.8948717948715,1757.783812774258,0.34379424119807717
66,0,MID-VOLUME STORES,6114.360360360361,1158.2185825316049,0.18942596024277233
67,1,HIGH-VOLUME STORES,7828.930501930502,2188.942863248343,0.27959666556097046
68,1,HIGH-VOLUME STORES,7563.252551020408,1927.5124686299735,0.25485232122387874
69,1,HIGH-VOLUME STORES,9426.451984635083,2172.9050244886403,0.23051144036276103
70,0,MID-VOLUME STORES,6608.028132992327,1677.9831918220239,0.25393099999744995
71,1,HIGH-VOLUME STORES,9061.09756097561,2583.332567633143,0.285101506770996
72,0,MID-VOLUME STORES,4420.025682182985,1773.281547381775,0.40119258911318756
73,0,MID-VOLUME STORES,4576.978316326531,1356.5547002246653,0.29638652544752103
74,0,MID-VOLUME STORES,6256.630154639175,1706.9473423306074,0.27282215827715783
75,0,MID-VOLUME STORES,6023.4540816326535,1289.8346228143537,0.2141353790257076
76,1,HIGH-VOLUME STORES,8999.54735152488,2068.1852516867093,0.22980991942181145
77,0,MID-VOLUME STORES,7621.489116517286,1958.089885301454,0.25691696929119573
78,0,MID-VOLUME STORES,3717.473076923077,1091.6862205561931,0.29366351765478643
79,0,MID-VOLUME STORES,5474.240669240669,1547.2317373174697,0.282638603379505
80,0,MID-VOLUME STORES,7616.2734274711165,1774.0271865336078,0.23292587949047022
81,0,MID-VOLUME STORES,6985.688102893891,1320.2906730488223,0.18899937323309335
82,1,HIGH-VOLUME STORES,9019.653401797175,2796.89060145863,0.3100884786660812
83,0,MID-VOLUME STORES,3887.7060333761233,886.0038050264756,0.22789886823234443
84,1,HIGH-VOLUME STORES,12955.997432605905,2947.7899259096084,0.22752319466280602
85,1,HIGH-VOLUME STORES,7272.454352441614,2272.8611647237985,0.3125301383240337
86,0,MID-VOLUME STORES,4695.021850899743,1369.596437770384,0.2917124736081724
87,0,MID-VOLUME STORES,5865.161989795918,1631.6790451227976,0.27819846203081133
88,0,MID-VOLUME STORES,6024.433333333333,2463.730831311943,0.40895644370069817
89,0,MID-VOLUME STORES,5971.33922829582,1271.0736085031504,0.21286240153298178
90,1,HIGH-VOLUME STORES,8416.768637532134,2017.9997316158106,0.2397594395807825
91,0,MID-VOLUME STORES,5559.002570694088,1664.112031080913,0.29935442733086104
92,0,MID-VOLUME STORES,5996.684210526316,1836.8827764983066,0.3063164095374446
93,0,MID-VOLUME STORES,5965.175866495507,1952.2198961735323,0.327269461934648
94,0,MID-VOLUME STORES,7121.14377406932,1993.796303311044,0.27998259360682803
95,1,HIGH-VOLUME STORES,7638.54358974359,2434.299184685851,0.31868629878010096
96,0,MID-VOLUME STORES,5176.888461538461,2257.3803751860046,0.4360496448701078
97,0,MID-VOLUME STORES,6703.3961538461535,2000.3082248335925,0.29840220970468706
98,0,MID-VOLUME STORES,5109.863928112965,1299.448767636714,0.2543020295486793
99,0,MID-VOLUME STORES,5130.520900321543,1346.8221733217795,0.2625117798930262
100,0,MID-VOLUME STORES,7964.412541254125,1672.2694950991465,0.2099677140576423
101,0,MID-VOLUME STORES,7469.877551020408,1673.1916275594351,0.22399184138311237
102,0,MID-VOLUME STORES,7079.5266579973995,2344.286006404141,0.3311359812108221
103,0,MID-VOLUME STORES,4689.497622820919,1207.662946872308,0.2575250152586389
104,1,HIGH-VOLUME STORES,10126.536989795919,1418.1354436586957,0.14004150136297241
105,0,MID-VOLUME STORES,4441.3673740053055,1723.2528605222187,0.3880005222283961
106,1,HIGH-VOLUME STORES,8668.81935483871,2070.4416519167676,0.2388377894575806
107,0,MID-VOLUME STORES,7336.589285714285,1261.9031572291015,0.1720013357823183
108,1,HIGH-VOLUME STORES,11035.360128617363,2334.7618475106365,0.21157097007247033
109,0,MID-VOLUME STORES,6464.323979591837,1477.5683579794713,0.22857275759139262
110,0,MID-VOLUME STORES,4534.429846938776,1228.5002091615886,0.2709271618770235
111,0,MID-VOLUME STORES,6771.745198463508,1692.2639752461846,0.24990071623340981
112,0,MID-VOLUME STORES,6229.448979591837,904.9735501022415,0.14527345084083773
113,0,MID-VOLUME STORES,7199.077170418006,1714.428092646756,0.2381455361656041
114,0,MID-VOLUME STORES,5346.559948979592,1256.1082863562644,0.2349376605411479
115,0,MID-VOLUME STORES,7371.689710610933,1693.1385919791662,0.2296812072192939
116,0,MID-VOLUME STORES,7294.54533844189,1420.4604374637106,0.1947291258823158
117,0,MID-VOLUME STORES,3881.956354300385,1091.6748720980252,0.281217708923667
118,0,MID-VOLUME STORES,7781.606138107417,2293.5151793622035,0.2947354490393181
119,0,MID-VOLUME STORES,6005.085459183673,1391.7458670533454,0.23176120914731133
120,0,MID-VOLUME STORES,7110.102432778489,1724.7375689657147,0.24257562887061263
121,0,MID-VOLUME STORES,4453.171794871795,1381.4396376151165,0.31021476404884296
122,0,MID-VOLUME STORES,6462.014689265537,2254.824549165973,0.34893522494023504
123,1,HIGH-VOLUME STORES,8399.204427083334,3243.6659457784885,0.38618728403838454
124,0,MID-VOLUME STORES,4424.1463414634145,1270.4591235952123,0.2871648054876438
125,1,HIGH-VOLUME STORES,11836.848214285714,2741.774909400014,0.23163048640693115
126,1,HIGH-VOLUME STORES,6507.75353016688,3049.5367385288655,0.4686005277232227
127,0,MID-VOLUME STORES,5238.154093097914,1513.1183273888942,0.28886479864780307
128,0,MID-VOLUME STORES,7454.672215108835,2146.6927532916056,0.28796608239068827
129,1,HIGH-VOLUME STORES,9208.120578778135,2031.709143804463,0.22064319493023618
130,0,MID-VOLUME STORES,5121.062740076824,964.2089623010739,0.18828298172472874
131,0,MID-VOLUME STORES,5275.404364569961,1299.7985980162819,0.24638842981323544
132,0,MID-VOLUME STORES,6283.255627009647,1591.170509893406,0.2532398177552236
133,0,MID-VOLUME STORES,6467.759590792839,2163.862890282669,0.33456142886990264
134,0,MID-VOLUME STORES,4725.8915816326535,980.9219252720819,0.20756335779781113
135,0,MID-VOLUME STORES,5952.416133162612,1366.0874365513678,0.22950133290253416
136,0,MID-VOLUME STORES,5488.818327974276,1793.8788030908995,0.3268242262543521
137,0,MID-VOLUME STORES,8274.98231511254,1714.8325959739987,0.2072309680761749
138,1,HIGH-VOLUME STORES,7334.917948717949,2728.3053152333555,0.3719612590499705
139,0,MID-VOLUME STORES,6464.1495176848875,1686.4925628071874,0.2608993740310634
140,0,MID-VOLUME STORES,7469.049935979513,1624.092283381427,0.2174429542314258
141,0,MID-VOLUME STORES,5540.741312741313,1463.0938987119987,0.2640610373466659
142,0,MID-VOLUME STORES,4603.965340179718,1065.165393860443,0.23135825645005045
143,0,MID-VOLUME STORES,6314.756097560976,1857.946514009063,0.2942230048642227
144,1,HIGH-VOLUME STORES,7718.2064,1896.27291510181,0.2456882877739328
145,1,HIGH-VOLUME STORES,8342.263157894737,2070.3650403144075,0.2481778626648943
146,0,MID-VOLUME STORES,7812.83055198973,2031.9104316132612,0.260073531365119
147,1,HIGH-VOLUME STORES,8212.558408215662,1991.0660364634805,0.24244162872213634
148,0,MID-VOLUME STORES,8638.96556122449,1576.8211956666635,0.18252430623686436
149,0,MID-VOLUME STORES,5567.483922829582,1497.3443358585164,0.2689445280153617
150,1,HIGH-VOLUME STORES,8417.24107142857,2151.460751040159,0.2556016553147163
151,0,MID-VOLUME STORES,6755.764102564102,1858.2341903763204,0.27505906987945905
152,0,MID-VOLUME STORES,5541.939666238768,1860.535135365206,0.3357191249662095
153,0,MID-VOLUME STORES,7066.812580231065,2601.5007955011665,0.3681293038361723
154,1,HIGH-VOLUME STORES,8737.57362355954,2289.9203823962216,0.2620773776625812
155,0,MID-VOLUME STORES,6886.852327447833,1627.503682144064,0.23632039787721035
156,1,HIGH-VOLUME STORES,6961.611253196931,2815.318761405872,0.40440620123868787
157,1,HIGH-VOLUME STORES,9722.790757381257,2425.040825165442,0.24941818513624006
158,0,MID-VOLUME STORES,8156.865211810013,1646.702943653333,0.2018793863688142
159,0,MID-VOLUME STORES,7748.60834670947,2090.5946939412643,0.26980260201550355
160,0,MID-VOLUME STORES,5730.658130601792,1409.864402336436,0.24602137663870416
161,0,MID-VOLUME STORES,7252.598202824133,1400.0300479870737,0.1930384131085474
162,0,MID-VOLUME STORES,7768.131882202305,2167.96947401874,0.27908504990573224
163,0,MID-VOLUME STORES,7298.706632653061,1517.62768699338,0.20793104359117476
164,0,MID-VOLUME STORES,6210.218298555377,1986.1573882546786,0.3198208650276753
165,0,MID-VOLUME STORES,3996.8344051446948,931.8986125453653,0.23315917500755912
166,0,MID-VOLUME STORES,5819.24646983312,1527.92436482452,0.262563954413214
167,1,HIGH-VOLUME STORES,9295.779487179487,3220.269054864011,0.3464227028303897
168,0,MID-VOLUME STORES,7517.148005148005,2287.1990884215916,0.3042642085609114
169,0,MID-VOLUME STORES,7218.92819843342,1975.1029793789285,0.273600585168245
170,0,MID-VOLUME STORES,5009.441591784339,1327.2506054941578,0.2649498115061159
171,1,HIGH-VOLUME STORES,8429.147625160462,2513.83353182677,0.2982310482169204
172,0,MID-VOLUME STORES,6981.672025723473,1316.5673081163459,0.18857478599188668
173,1,HIGH-VOLUME STORES,8232.783163265307,1910.683695790886,0.2320823539136024
174,0,MID-VOLUME STORES,5936.540192926045,1028.587343643067,0.1732637715261706
175,0,MID-VOLUME STORES,5784.548469387755,1229.9287014597799,0.21262311275783247
176,0,MID-VOLUME STORES,5278.177150192554,1784.8958419249338,0.33816520195041555
177,0,MID-VOLUME STORES,3994.096153846154,1431.4024747281405,0.3583795731481721
178,1,HIGH-VOLUME STORES,10089.92564102564,2946.7436111307106,0.292048099854101
179,0,MID-VOLUME STORES,7295.274711168165,2078.7266504807176,0.28494151800732653
180,0,MID-VOLUME STORES,7220.061224489796,1560.1221883989226,0.21608157325690383
181,0,MID-VOLUME STORES,6382.698234349919,2229.5422443636303,0.3493103014591618
182,0,MID-VOLUME STORES,5304.654289372599,1382.4634527826229,0.26061329869361416
183,0,MID-VOLUME STORES,4821.335515548281,1671.590256003572,0.34670689285424666
184,0,MID-VOLUME STORES,6594.2972972972975,1665.884282037498,0.25262498897650065
185,0,MID-VOLUME STORES,7170.617346938776,1877.1025439941543,0.26177697863009136
186,0,MID-VOLUME STORES,3783.83922829582,923.012994818377,0.24393557419565293
187,0,MID-VOLUME STORES,6279.7334183673465,1712.3733998880725,0.2726824987314937
188,0,MID-VOLUME STORES,4986.952503209242,1491.3854953313053,0.2990574893928822
189,1,HIGH-VOLUME STORES,8762.929396662388,1945.8609599535841,0.22205598971215273
190,0,MID-VOLUME STORES,7198.954983922829,1516.720269127397,0.21068617216174215
191,0,MID-VOLUME STORES,6838.9372990353695,1247.7888453193837,0.18245361680613506
192,1,HIGH-VOLUME STORES,9016.834405144695,3350.5095355867193,0.3715837937175639
193,0,MID-VOLUME STORES,5362.036036036036,1716.9086577060284,0.32019715014360073
194,0,MID-VOLUME STORES,4829.492921492922,1047.370707895026,0.21686970556139806
195,1,HIGH-VOLUME STORES,10713.17971758665,2482.9333429745825,0.23176436953621002
196,0,MID-VOLUME STORES,5216.3363171355495,1416.9966519317918,0.2716459533632809
197,0,MID-VOLUME STORES,6846.668367346939,1762.7728461129043,0.2574643244763983
198,0,MID-VOLUME STORES,2900.6048593350383,1597.7619041355008,0.5508374913575048
199,0,MID-VOLUME STORES,7955.697047496791,2087.6449925796,0.2624088097015288
200,0,MID-VOLUME STORES,7729.5442875481385,1469.1363302432887,0.19006765154447525
201,0,MID-VOLUME STORES,5249.351732991014,1280.617723105365,0.24395730906293936
202,0,MID-VOLUME STORES,6065.797695262484,1362.9468564031754,0.22469375420608995
203,0,MID-VOLUME STORES,6775.240409207161,1820.5629565112797,0.26870824451295333
204,0,MID-VOLUME STORES,5486.247588424438,1044.2747461106906,0.19034407931461758
205,0,MID-VOLUME STORES,6536.820153061224,1663.154467014849,0.25442867144447684
206,0,MID-VOLUME STORES,7157.551989730424,2141.927788515268,0.29925424105734505
207,1,HIGH-VOLUME STORES,11184.206632653062,3256.122441561237,0.29113575495420146
208,0,MID-VOLUME STORES,2936.2908163265306,716.5256100102845,0.24402406124972983
209,0,MID-VOLUME STORES,5587.78231292517,1891.5684986332549,0.33851864526967057
210,0,MID-VOLUME STORES,3193.98459563543,849.2890008473813,0.2659026602720414
211,1,HIGH-VOLUME STORES,12994.345663265307,3176.586689807334,0.24445914955052073
212,0,MID-VOLUME STORES,4775.656887755102,1255.2042898774291,0.2628338507935532
213,1,HIGH-VOLUME STORES,8131.0410783055195,2173.4899200957225,0.2673077037938997
214,1,HIGH-VOLUME STORES,9331.875481386392,2284.7326110537438,0.2448310219752645
215,0,MID-VOLUME STORES,6313.492753623188,1813.894440333618,0.2873044305456215
216,0,MID-VOLUME STORES,7226.775773195876,1872.6365994309836,0.25912476852770167
217,0,MID-VOLUME STORES,4700.8877551020405,996.8555825790877,0.2120568782986075
218,0,MID-VOLUME STORES,5018.577170418006,1503.0231680827771,0.29949189123609465
219,0,MID-VOLUME STORES,3133.712451861361,822.2665440080124,0.26239374436528246
220,0,MID-VOLUME STORES,4906.432989690722,1283.8297005522002,0.261662536357829
221,0,MID-VOLUME STORES,5821.838010204082,1412.3356037097299,0.24259273467147208
222,0,MID-VOLUME STORES,4982.456632653061,1449.6850904465334,0.2909578943338648
223,0,MID-VOLUME STORES,7232.875959079284,2077.852237733489,0.287278843089408
224,0,MID-VOLUME STORES,6629.749034749035,1768.4945662928785,0.26675135921790194
225,0,MID-VOLUME STORES,5197.0,1470.3604120613543,0.2829248435754001
226,0,MID-VOLUME STORES,7257.290653008963,1653.4176636714412,0.22782850277409156
227,0,MID-VOLUME STORES,6028.297262059974,1878.5510610748927,0.31162216782139224
228,0,MID-VOLUME STORES,7946.139922978177,1549.4387846037803,0.1949926378873854
229,1,HIGH-VOLUME STORES,8645.36328626444,2234.164712299383,0.2584234621868319
230,0,MID-VOLUME STORES,7561.640306122449,1662.8143749915623,0.21990127904460463
231,0,MID-VOLUME STORES,4770.279742765273,1287.8093655023692,0.2699651666038021
232,0,MID-VOLUME STORES,3376.759477124183,1062.293377349184,0.3145895893816773
233,1,HIGH-VOLUME STORES,9431.089628681179,1800.2762372530324,0.190887406241815
234,1,HIGH-VOLUME STORES,11072.315789473685,3506.84744140227,0.3167221300476443
235,0,MID-VOLUME STORES,5935.44814340589,1947.2437756960305,0.3280702195771623
236,0,MID-VOLUME STORES,7119.563775510204,1967.0679611400265,0.2762905176727716
237,0,MID-VOLUME STORES,4535.991071428572,759.0343304902016,0.16733594015897174
238,0,MID-VOLUME STORES,7671.733333333334,1888.1087554087835,0.24611240685400737
239,0,MID-VOLUME STORES,5071.210526315789,1385.3617150714522,0.2731816610417693
240,0,MID-VOLUME STORES,4812.035714285715,989.7244059558053,0.205676862085118
241,0,MID-VOLUME STORES,6583.227214377407,1458.1986769535968,0.22150210367477077
242,0,MID-VOLUME STORES,4093.0947503201023,1446.175061657331,0.35332069005835554
243,0,MID-VOLUME STORES,7074.07062600321,2092.9666797001664,0.2958645439595611
244,0,MID-VOLUME STORES,5271.098844672657,1700.8712493680057,0.3226786860745413
245,1,HIGH-VOLUME STORES,8897.663252240716,1539.2126718800353,0.17299066375572397
246,0,MID-VOLUME STORES,7081.054846938776,1474.6213881424899,0.20824883015557863
247,1,HIGH-VOLUME STORES,8576.710627400767,2445.7676301667616,0.28516382753465574
248,1,HIGH-VOLUME STORES,8362.170918367347,2257.5775834868327,0.2699750585733792
249,0,MID-VOLUME STORES,5285.823979591837,1274.3029215110603,0.2410793334078181
250,1,HIGH-VOLUME STORES,8470.623559539052,2481.2941312555445,0.29292933558135476
251,1,HIGH-VOLUME STORES,19123.068035943517,3547.6416119632604,0.18551634106489348
252,1,HIGH-VOLUME STORES,10615.512195121952,2889.075660665812,0.2721560304921888
253,0,MID-VOLUME STORES,5746.724005134788,2048.8292536515537,0.3565212548611857
254,0,MID-VOLUME STORES,3005.9833119383825,832.1419652702451,0.2768285379247982
255,0,MID-VOLUME STORES,6271.130937098845,1486.823229053465,0.23709012679956898
256,1,HIGH-VOLUME STORES,9832.87886597938,2835.2708700577346,0.28834595734393137
257,0,MID-VOLUME STORES,5335.585459183673,1462.640295428539,0.27412929782823087
258,0,MID-VOLUME STORES,5642.096463022508,1235.110249019838,0.21890980721697575
259,1,HIGH-VOLUME STORES,11656.145005370568,2504.1947593846053,0.2148390190951466
260,0,MID-VOLUME STORES,6559.997448979592,809.6121787265794,0.12341653865315368
261,1,HIGH-VOLUME STORES,12616.487804878048,4872.376643918049,0.38619120624316616
262,1,HIGH-VOLUME STORES,20718.51592356688,4668.87758407417,0.2253480703588146
263,0,MID-VOLUME STORES,3707.516077170418,947.1854359858396,0.25547709470992586
264,1,HIGH-VOLUME STORES,7234.240157480315,2294.064731471824,0.31711205068299064
265,0,MID-VOLUME STORES,4954.829268292683,1769.7565502528398,0.35717810936049793
266,0,MID-VOLUME STORES,4389.757692307692,1370.5308198351115,0.31221104122369553
267,1,HIGH-VOLUME STORES,9289.160714285714,2614.532793622447,0.2814606048963693
268,0,MID-VOLUME STORES,4881.173469387755,1449.4833405542377,0.2969538676805203
269,1,HIGH-VOLUME STORES,9346.706033376124,3023.135608019445,0.3234439595322822
270,1,HIGH-VOLUME STORES,9291.623724489797,1607.6120873028733,0.17301734712585418
271,1,HIGH-VOLUME STORES,7841.691025641026,3439.7833022279897,0.43865325616381345
272,0,MID-VOLUME STORES,6237.314980793854,2184.7477324638785,0.35027054737354546
273,0,MID-VOLUME STORES,7059.648267008986,2005.5857812610143,0.2840914597166943
274,0,MID-VOLUME STORES,4070.8283261802576,1400.059234795739,0.34392490240664203
275,0,MID-VOLUME STORES,7443.842443729904,1651.3297976903073,0.2218383597145121
276,0,MID-VOLUME STORES,4091.1948717948717,1243.7417098398023,0.30400451428366043
277,0,MID-VOLUME STORES,6444.519292604502,1628.8193768583208,0.2527448988673981
278,0,MID-VOLUME STORES,7142.1670918367345,1804.3053028631095,0.2526271479878106
279,1,HIGH-VOLUME STORES,8881.08988764045,3024.2352441308085,0.3405252375994468
280,0,MID-VOLUME STORES,6267.489060489061,1321.8785300247825,0.21091038488731476
281,0,MID-VOLUME STORES,5860.617346938776,1269.336846402421,0.21658756599514967
282,0,MID-VOLUME STORES,4408.584183673469,1040.1899966711908,0.23594649740916337
283,0,MID-VOLUME STORES,7114.1591639871385,1328.4049503619594,0.18672690893486468
284,0,MID-VOLUME STORES,5413.250803858521,1425.6418815239786,0.2633615055315362
285,0,MID-VOLUME STORES,5154.924455825864,1143.6536315253604,0.22185652599289876
286,0,MID-VOLUME STORES,4927.8202824133505,2068.0247312343326,0.4196631802127204
287,0,MID-VOLUME STORES,8152.400321543409,1419.8745217518433,0.1741664375827699
288,0,MID-VOLUME STORES,5625.733118971061,1612.5222227919799,0.2866332598242605
289,0,MID-VOLUME STORES,6321.227912932139,1481.9287005892436,0.23443684059508024
290,0,MID-VOLUME STORES,7014.1578947368425,2202.570623531489,0.31401782745498424
291,1,HIGH-VOLUME STORES,8023.039743589744,2634.4454027239167,0.32836000903881707
292,0,MID-VOLUME STORES,5774.090078328982,1961.2392876722793,0.33966205256012577
293,0,MID-VOLUME STORES,6257.765006385696,1663.783125883877,0.26587497679859823
294,0,MID-VOLUME STORES,5770.280409731114,1689.7125152197002,0.29283022578419865
295,0,MID-VOLUME STORES,5285.4311454311455,1322.4897201899503,0.25021416111590866
296,0,MID-VOLUME STORES,6963.460947503201,1888.2102284285438,0.27115973546251815
297,0,MID-VOLUME STORES,6992.070785070785,1947.912020887247,0.2785887158131119
298,0,MID-VOLUME STORES,8398.617363344052,1872.5500687446731,0.22295932624784867
299,0,MID-VOLUME STORES,6235.306122448979,2175.5675433016513,0.3489111040545312
300,0,MID-VOLUME STORES,7077.595907928388,1540.296417216427,0.21762988976115077
301,0,MID-VOLUME STORES,5538.441326530612,1169.6431452498284,0.21118633859077382
302,0,MID-VOLUME STORES,3742.2842509603074,1067.275924297453,0.2851937086349278
303,0,MID-VOLUME STORES,6188.154046997389,1969.2234054781463,0.3182246903555433
304,0,MID-VOLUME STORES,7067.702806122449,1800.9146802415019,0.25480905601767045
305,0,MID-VOLUME STORES,5347.341869398208,1667.44723813074,0.31182731137375275
306,0,MID-VOLUME STORES,4368.86655948553,1079.2248216471485,0.24702627259328241
307,0,MID-VOLUME STORES,2703.7365728900254,1032.8286927144584,0.3820004889050516
308,1,HIGH-VOLUME STORES,9353.162760416666,2668.7929315356278,0.2853358804820732
309,0,MID-VOLUME STORES,6971.319640564827,2015.6792496047765,0.2891388364802425
310,1,HIGH-VOLUME STORES,8236.363433667782,3142.9301571430588,0.38159197107496534
311,0,MID-VOLUME STORES,6638.587708066581,1455.3856785701773,0.21923121943568372
312,0,MID-VOLUME STORES,5568.157490396927,1585.1114235803673,0.2846743157524038
313,0,MID-VOLUME STORES,7075.494884910486,2233.6037971200294,0.31568163548298395
314,0,MID-VOLUME STORES,5137.715019255455,1458.3692633893556,0.2838556163437611
315,0,MID-VOLUME STORES,4252.410714285715,1172.210514958516,0.2756578782525747
316,1,HIGH-VOLUME STORES,9855.62516046213,2508.247895868674,0.2544991164975538
317,0,MID-VOLUME STORES,5379.4855305466235,1184.0273771763136,0.2201004855302588
318,0,MID-VOLUME STORES,7527.716666666666,2206.251962185219,0.29308382074934886
319,0,MID-VOLUME STORES,7787.076530612245,1804.899616333926,0.2317814149172127
320,1,HIGH-VOLUME STORES,14834.461734693878,3410.4835065155517,0.22990274723209767
321,0,MID-VOLUME STORES,5958.317948717949,1456.706619761646,0.24448286115296777
322,0,MID-VOLUME STORES,5021.1726342711,2041.9842022707078,0.4066747652398
323,0,MID-VOLUME STORES,7365.359435173299,1568.0301354252526,0.21289254777399177
324,0,MID-VOLUME STORES,5687.985897435898,2381.8608217372653,0.41875294079245007
325,0,MID-VOLUME STORES,6484.645699614891,1733.438564629074,0.2673143059661716
326,0,MID-VOLUME STORES,5008.903722721438,1254.671436511545,0.25048823175021157
327,0,MID-VOLUME STORES,7738.189189189189,1972.5558696140777,0.25491181740165786
328,0,MID-VOLUME STORES,4432.029525032092,1199.8653364462612,0.2707259348498074
329,0,MID-VOLUME STORES,6912.716302952504,2038.3873673851494,0.29487502134501453
330,0,MID-VOLUME STORES,4166.6379974326055,1041.8438876657199,0.2500442534983078
331,0,MID-VOLUME STORES,6160.85622593068,1711.8898387219347,0.27786557191785966
332,0,MID-VOLUME STORES,3728.5666666666666,1278.4365318719651,0.342876136103766
333,1,HIGH-VOLUME STORES,9773.190051020409,2005.655421256434,0.20522013905245048
334,0,MID-VOLUME STORES,5428.385109114249,1196.6170236846076,0.22043701757185388
335,1,HIGH-VOLUME STORES,13313.93949044586,4762.3535996644505,0.35769680364567796
336,1,HIGH-VOLUME STORES,13910.661538461538,3276.0487990596966,0.235506326568421
337,0,MID-VOLUME STORES,5049.653008962868,1152.6568278443465,0.22826456110913787
338,0,MID-VOLUME STORES,7217.95390524968,1782.652396599888,0.2469747548960308
339,0,MID-VOLUME STORES,5147.255968169761,1212.0950186052569,0.2354837268829761
340,0,MID-VOLUME STORES,6485.642857142857,1696.9044628577099,0.2616401334817337
341,0,MID-VOLUME STORES,5511.534017971759,1298.0782502469442,0.23552031902810178
342,1,HIGH-VOLUME STORES,11104.138486312399,2075.0251969283145,0.18686953512747614
343,0,MID-VOLUME STORES,7199.365853658536,2017.284911662765,0.2802031390914287
344,1,HIGH-VOLUME STORES,8481.108418367347,2549.811279367318,0.3006459950264577
345,0,MID-VOLUME STORES,4559.585209003216,1170.5609257153033,0.2567253098821248
346,0,MID-VOLUME STORES,6830.500641848524,1625.700501871799,0.23800605359899932
347,0,MID-VOLUME STORES,4804.190476190476,1106.3809697703612,0.23029498419214955
348,1,HIGH-VOLUME STORES,8802.97487437186,2314.294929601611,0.262899186085289
349,1,HIGH-VOLUME STORES,8159.215714285714,1474.6198144530686,0.18073058319455915
350,0,MID-VOLUME STORES,7013.133162612035,1788.840037477047,0.2550700230552581
351,0,MID-VOLUME STORES,6046.867779204108,1558.4153004132202,0.25772273469791984
352,0,MID-VOLUME STORES,6692.232142857143,1401.8338152783035,0.20947178540041092
353,0,MID-VOLUME STORES,5651.368817204301,1440.1240544637462,0.2548274765008466
354,0,MID-VOLUME STORES,8390.581514762516,2010.2717984945152,0.23958670742398636
355,1,HIGH-VOLUME STORES,9148.811224489797,2239.9104907258866,0.24483076934957745
356,0,MID-VOLUME STORES,5719.281853281854,1283.2613590221788,0.22437456169183448
357,1,HIGH-VOLUME STORES,7805.633637548892,2367.474340310007,0.30330328711833265
358,1,HIGH-VOLUME STORES,10306.111681643133,2598.2641311505,0.2521090602752183
359,0,MID-VOLUME STORES,6851.255455712452,1353.8417184696236,0.19760491011042583
360,0,MID-VOLUME STORES,6935.459183673469,1763.3025617453814,0.25424453018140636
361,0,MID-VOLUME STORES,6266.883333333333,1689.016077443632,0.269514523823958
362,1,HIGH-VOLUME STORES,9376.65556978233,2098.2413125221588,0.22377288969470674
363,0,MID-VOLUME STORES,7134.2002551020405,1449.7778724297423,0.2032151916948126
364,0,MID-VOLUME STORES,4564.955786736021,1438.9742515000548,0.3152219470955561
365,0,MID-VOLUME STORES,5440.594202898551,1372.918506461944,0.25234716195714485
366,0,MID-VOLUME STORES,6196.76282051282,2208.9989569223308,0.3564762797778861
367,0,MID-VOLUME STORES,5254.238520408163,1508.3213900150272,0.28706755206420603
368,1,HIGH-VOLUME STORES,9686.268983268983,3155.4183800361925,0.32576200242699455
369,0,MID-VOLUME STORES,6856.559539052497,1474.5955649276866,0.21506348140476586
370,0,MID-VOLUME STORES,7649.643132220795,1835.7798587963678,0.23998241840380022
371,0,MID-VOLUME STORES,6889.756722151088,1886.9055402067922,0.27387114179812017
372,1,HIGH-VOLUME STORES,8786.206675224646,2186.7548522202023,0.24888497767602208
373,0,MID-VOLUME STORES,4530.5032175032175,1067.0073902885379,0.23551630780577415
374,0,MID-VOLUME STORES,7009.673469387755,1790.9667938617429,0.2554993184323279
375,1,HIGH-VOLUME STORES,9164.384615384615,3642.6232067298934,0.3974760291722019
376,1,HIGH-VOLUME STORES,8460.12015503876,2340.734458057529,0.27667863046406166
377,1,HIGH-VOLUME STORES,7818.526785714285,2148.5883409337143,0.2748073134263009
378,0,MID-VOLUME STORES,6324.801026957638,1814.6983291752756,0.28691785266297676
379,0,MID-VOLUME STORES,3902.220663265306,1003.2184471242488,0.2570891125067167
380,1,HIGH-VOLUME STORES,14456.580231065469,3410.085282225482,0.23588464406662474
381,1,HIGH-VOLUME STORES,9001.555128205127,2489.584624047674,0.27657272422260737
382,1,HIGH-VOLUME STORES,7985.847435897436,2457.927663506524,0.3077854521059112
383,1,HIGH-VOLUME STORES,17294.716666666667,2785.8133541459256,0.16107886632888418
384,1,HIGH-VOLUME STORES,8871.575447570332,2967.1936449822065,0.3344607350202759
385,0,MID-VOLUME STORES,7348.519292604502,2045.162687294484,0.2783094941796943
386,1,HIGH-VOLUME STORES,8029.541720154044,2479.453530314662,0.3087914126021995
387,1,HIGH-VOLUME STORES,9374.828758169935,2781.827130500498,0.29673364732941954
388,1,HIGH-VOLUME STORES,10257.920410783056,2507.249138088204,0.24442080243209927
389,1,HIGH-VOLUME STORES,10337.401785714286,2327.8032920732044,0.22518262715589704
390,1,HIGH-VOLUME STORES,11568.65641025641,2693.733077360137,0.2328475305889418
391,0,MID-VOLUME STORES,5727.013037809648,1974.5457235656006,0.34477758484740323
392,0,MID-VOLUME STORES,7279.428754813864,2305.292285221812,0.3166858778166253
393,0,MID-VOLUME STORES,5903.06675224647,1529.7623916716148,0.25914705963462953
394,0,MID-VOLUME STORES,8353.245838668374,1982.5079282665445,0.23733384202452545
395,0,MID-VOLUME STORES,3989.1347881899874,1018.1435818557651,0.25522917522617306
396,1,HIGH-VOLUME STORES,10222.092307692308,3455.9006727650267,0.33808153641543615
397,0,MID-VOLUME STORES,5574.883183568678,1692.9329610938444,0.30367146814547935
398,0,MID-VOLUME STORES,5496.522959183673,1497.7119567776556,0.27248352602171083
399,0,MID-VOLUME STORES,5558.84887459807,1253.0965907268123,0.22542375570831052
400,1,HIGH-VOLUME STORES,8745.718670076727,2797.006229254482,0.3198143382800974
401,0,MID-VOLUME STORES,7026.532051282052,2550.69735341177,0.36300942410792436
402,0,MID-VOLUME STORES,5857.991025641026,1617.1332123916875,0.2760559388557152
403,0,MID-VOLUME STORES,7468.523748395379,1821.0123650920998,0.24382494137256328
404,0,MID-VOLUME STORES,4785.223978919631,1441.3611219275333,0.30121079562360464
405,0,MID-VOLUME STORES,4520.699614890886,1662.6749407193208,0.36779151068621757
406,0,MID-VOLUME STORES,6111.059050064185,1739.1445209898654,0.28458970969550673
407,0,MID-VOLUME STORES,3886.744372990354,921.728707677073,0.23714672724100977
408,0,MID-VOLUME STORES,4727.774774774774,1101.106763731867,0.23290169608054614
409,0,MID-VOLUME STORES,5527.358514724712,1250.022372936128,0.2261518534768655
410,0,MID-VOLUME STORES,6443.878048780488,1959.0628371141493,0.30401922914802904
411,1,HIGH-VOLUME STORES,9133.364916773367,2312.2144228375196,0.25316128764231816
412,1,HIGH-VOLUME STORES,9102.122186495177,2140.593471485697,0.23517520723482452
413,0,MID-VOLUME STORES,7058.2170418006435,1687.9085218873183,0.2391409207015134
414,0,MID-VOLUME STORES,6427.97695262484,1418.2439464971562,0.22063612812395378
415,0,MID-VOLUME STORES,6234.834615384615,1411.533816311076,0.22639474876014834
416,1,HIGH-VOLUME STORES,11012.00637755102,2339.852774774966,0.21248196691430993
417,0,MID-VOLUME STORES,7633.281129653402,2074.7648838309738,0.2718051187412746
418,0,MID-VOLUME STORES,5275.851804123711,1839.6270365195003,0.3486881559261409
419,0,MID-VOLUME STORES,5311.158163265306,1317.934266577376,0.24814442087092894
420,0,MID-VOLUME STORES,4540.3408360128615,1070.646193533363,0.23580744974942452
421,1,HIGH-VOLUME STORES,9588.251275510203,2796.3908123417923,0.2916476354227578
422,0,MID-VOLUME STORES,4559.059948979592,903.0074514912833,0.198068782072803
423,1,HIGH-VOLUME STORES,10828.403397027601,2167.683087739674,0.20018492184496042
424,0,MID-VOLUME STORES,6925.756097560976,1622.7863639766817,0.23431179803576593
425,0,MID-VOLUME STORES,3237.659793814433,897.1854011910855,0.277109226517611
426,0,MID-VOLUME STORES,5068.396662387677,1460.5976997986904,0.2881774646088208
427,1,HIGH-VOLUME STORES,7643.243980738363,2386.4869190875047,0.3122348213797255
428,0,MID-VOLUME STORES,6287.5048231511255,1348.4433570210697,0.2144639876944487
429,0,MID-VOLUME STORES,5321.144694533762,1330.2436974666502,0.24999201747570707
430,1,HIGH-VOLUME STORES,8632.471061093247,1845.1636932036001,0.21374687272567838
431,1,HIGH-VOLUME STORES,9524.926829268292,1992.212128662588,0.20915773573618415
432,1,HIGH-VOLUME STORES,10982.871173469388,2423.3389439527023,0.22064712457035876
433,0,MID-VOLUME STORES,5360.865429234339,1854.6819996562126,0.3459669010794598
434,1,HIGH-VOLUME STORES,9904.823151125402,2056.4024386311366,0.2076162700994298
435,0,MID-VOLUME STORES,3277.6919127086007,893.4260075262135,0.27257778684510625
436,0,MID-VOLUME STORES,5509.484615384616,1524.180088861005,0.2766465822601453
437,0,MID-VOLUME STORES,7366.717948717948,2410.9136470519556,0.32727106750049173
438,0,MID-VOLUME STORES,5153.723076923077,1724.7265914876534,0.3346564349199308
439,0,MID-VOLUME STORES,7294.942602040816,1964.4930446879143,0.26929520242398236
440,0,MID-VOLUME STORES,5156.078507078507,1344.907032299902,0.2608391300585417
441,0,MID-VOLUME STORES,6328.351732991014,1527.8583712514182,0.24143069723611835
442,0,MID-VOLUME STORES,4379.133848133848,1280.7445694457115,0.2924652714124041
443,0,MID-VOLUME STORES,5251.096153846154,1516.3227501608217,0.2887630897884424
444,1,HIGH-VOLUME STORES,12188.706563706564,3275.1254727472333,0.2687016424285198
445,1,HIGH-VOLUME STORES,8600.150773195875,2038.3026421778193,0.237007779971789
446,0,MID-VOLUME STORES,4932.165596919127,1673.1142758333713,0.33922508134732554
447,0,MID-VOLUME STORES,5307.622448979592,927.5602545687003,0.17476002927582515
448,1,HIGH-VOLUME STORES,8484.065468549423,2272.5044324382056,0.2678555983404912
449,1,HIGH-VOLUME STORES,11253.74647887324,2886.890644728164,0.25652707301943845
450,1,HIGH-VOLUME STORES,8790.513513513513,2158.5132065905705,0.24555029729177064
451,0,MID-VOLUME STORES,5439.3239436619715,1138.386455404772,0.20928822537426675
452,0,MID-VOLUME STORES,5149.841836734694,1698.7597332766015,0.32986638951881214
453,1,HIGH-VOLUME STORES,7775.446448703495,2834.776563707814,0.3645805526936006
454,0,MID-VOLUME STORES,5794.123076923077,2253.153641043398,0.3888687919000708
455,0,MID-VOLUME STORES,7371.391248391248,1866.6391269424805,0.2532275202933857
456,0,MID-VOLUME STORES,6190.5609756097565,1651.379527632854,0.2667576547810672
457,0,MID-VOLUME STORES,4840.5530546623795,1272.3025785747593,0.2628423992480133
458,0,MID-VOLUME STORES,7582.117797695262,1863.491263373675,0.24577450695109498
459,1,HIGH-VOLUME STORES,9176.75,2907.583409995176,0.3168423908241127
460,0,MID-VOLUME STORES,3736.0089743589742,1519.8321401372154,0.40680634082202355
461,0,MID-VOLUME STORES,4838.66537966538,1255.139880588496,0.2593979500759145
462,0,MID-VOLUME STORES,4832.588461538461,1633.8885623780386,0.33809801421780655
463,0,MID-VOLUME STORES,6094.671373555841,1704.5305522148824,0.2796755473331453
464,1,HIGH-VOLUME STORES,10642.683673469388,2456.565886242332,0.23082203339052365
465,0,MID-VOLUME STORES,7762.806658130602,2044.8675751134822,0.26341858881307195
466,1,HIGH-VOLUME STORES,7712.365853658536,2532.4959468348297,0.3283682328987911
467,1,HIGH-VOLUME STORES,13480.147625160462,2912.6164850925356,0.21606710594594583
468,0,MID-VOLUME STORES,6669.660714285715,2363.229766535208,0.35432533494146373
469,1,HIGH-VOLUME STORES,11901.456632653062,3046.297795883971,0.2559600803422743
470,1,HIGH-VOLUME STORES,13111.742268041236,3140.994099562834,0.23955581457841355
471,0,MID-VOLUME STORES,7109.752411575562,1495.5631158895676,0.2103537548585524
472,0,MID-VOLUME STORES,5204.651785714285,1085.806525539231,0.20862231907993342
473,0,MID-VOLUME STORES,3552.3016688061616,1117.245166050876,0.3145130313288831
474,0,MID-VOLUME STORES,7526.818414322251,2187.543246388635,0.29063319001108273
475,0,MID-VOLUME STORES,6473.81443298969,1519.948242445776,0.23478403006121454
476,0,MID-VOLUME STORES,5851.6038461538465,2142.501246200886,0.36613914792080693
477,0,MID-VOLUME STORES,6213.688102893891,1457.2855236399507,0.23452827041016938
478,0,MID-VOLUME STORES,6806.948979591837,1890.3643833567055,0.277710966987453
479,1,HIGH-VOLUME STORES,11230.879795396419,3030.063758388354,0.26979754156307406
480,0,MID-VOLUME STORES,4935.890306122449,1551.3378639189193,0.3142974757754744
481,0,MID-VOLUME STORES,5155.379001280409,1586.5451918925794,0.3077455976560674
482,1,HIGH-VOLUME STORES,8334.617647058823,2369.804818804122,0.28433275756091764
483,0,MID-VOLUME STORES,4948.424358974359,2006.6776284867071,0.40551850102496534
484,0,MID-VOLUME STORES,7717.669642857143,1942.7313333974846,0.25172512212874015
485,0,MID-VOLUME STORES,4871.011254019292,1101.7745932365142,0.22619011449160378
486,0,MID-VOLUME STORES,4266.7432605905005,1352.1707144221941,0.3169093221313389
487,0,MID-VOLUME STORES,6999.2997448979595,1711.5655066265374,0.24453382038312602
488,0,MID-VOLUME STORES,3686.3188775510203,884.581291720022,0.23996331329526416
489,1,HIGH-VOLUME STORES,7306.367948717949,3074.119183030255,0.4207451916748419
490,0,MID-VOLUME STORES,8249.728295819936,1291.7304606855073,0.15657854590678044
491,0,MID-VOLUME STORES,6746.462033462033,1714.5048461394174,0.2541339205105698
492,1,HIGH-VOLUME STORES,7859.125407166124,2057.752946734346,0.26182976350753245
493,1,HIGH-VOLUME STORES,8295.668806161746,2191.062710237971,0.26412128562925785
494,0,MID-VOLUME STORES,7649.296178343949,1689.5406271161805,0.22087530509009018
495,0,MID-VOLUME STORES,5154.718146718146,1500.6042894783025,0.2911127721762425
496,0,MID-VOLUME STORES,7728.900510204082,1922.8088709825658,0.24878168226437605
497,1,HIGH-VOLUME STORES,9062.122919334188,1933.7832615937562,0.21339185959042753
498,0,MID-VOLUME STORES,6996.5337620578775,958.625506220823,0.13701434722139672
499,0,MID-VOLUME STORES,5155.988416988417,1218.2037218196954,0.23626967776068844
500,0,MID-VOLUME STORES,5354.036977491962,1144.496110284587,0.21376320617432742
501,0,MID-VOLUME STORES,5378.180064308682,1415.517130561378,0.2631963068613491
502,1,HIGH-VOLUME STORES,10823.524547803618,2611.761118680748,0.2413041248389596
503,0,MID-VOLUME STORES,6698.198717948718,1976.657317728935,0.2951028180803621
504,0,MID-VOLUME STORES,6673.158163265306,1463.8949316346402,0.2193706331873195
505,0,MID-VOLUME STORES,4776.280566280566,1241.148499985467,0.25985669869305583
506,0,MID-VOLUME STORES,7581.344030808729,2180.0426919122665,0.2875535898454292
507,1,HIGH-VOLUME STORES,8455.770218228497,2124.4078406354906,0.2512376502445402
508,0,MID-VOLUME STORES,6767.6997422680415,2022.2787960822338,0.2988133151729502
509,0,MID-VOLUME STORES,6125.062740076824,1845.0201944297269,0.3012247013173592
510,1,HIGH-VOLUME STORES,8196.739409499358,2312.610436493148,0.28213785030338034
511,0,MID-VOLUME STORES,5662.320153061224,830.4412625072061,0.14666095170514937
512,0,MID-VOLUME STORES,5510.978523489933,1153.861374740825,0.2093750447080531
513,1,HIGH-VOLUME STORES,18179.089285714286,3284.6005835253422,0.18068015024858738
514,0,MID-VOLUME STORES,5756.009646302251,1473.6208618064693,0.2560143141443736
515,1,HIGH-VOLUME STORES,9058.152759948653,2022.9695170382006,0.22333135360477935
516,0,MID-VOLUME STORES,5879.084724005134,1814.2656571077691,0.3085966170380001
517,0,MID-VOLUME STORES,5962.438735177866,2106.58609104222,0.35330947362419785
518,0,MID-VOLUME STORES,5865.123595505618,1726.965170503931,0.2944465095036166
519,0,MID-VOLUME STORES,5306.320153061224,1479.6782453059343,0.2788520486183454
520,0,MID-VOLUME STORES,3869.7321428571427,964.7074475978869,0.24929566491535346
521,0,MID-VOLUME STORES,5181.014120667523,1309.835272343201,0.2528144571384495
522,0,MID-VOLUME STORES,8222.889245585875,1767.7059539990742,0.21497382503941612
523,1,HIGH-VOLUME STORES,15530.605867346938,3364.344257053003,0.2166267231162262
524,1,HIGH-VOLUME STORES,7710.819523269012,2810.6333717412667,0.36450514283982294
525,1,HIGH-VOLUME STORES,10233.026819923372,1702.5469909265403,0.16637765354154416
526,1,HIGH-VOLUME STORES,10630.231457800512,3231.6877422467874,0.3040091605790352
527,1,HIGH-VOLUME STORES,10734.693982074265,2181.8316822262673,0.2032504779241664
528,1,HIGH-VOLUME STORES,10704.444159178434,2894.935238279352,0.27044236909742897
529,0,MID-VOLUME STORES,7823.783163265306,1891.3823595616486,0.24174779899859444
530,0,MID-VOLUME STORES,4634.323399558499,1869.544325444018,0.403412572722509
531,0,MID-VOLUME STORES,4901.934948979592,933.2027287399623,0.19037436001353336
532,1,HIGH-VOLUME STORES,10894.865211810013,1930.28630708247,0.1771739502559466
533,1,HIGH-VOLUME STORES,9659.648648648648,2597.9518268613256,0.26894889466034255
534,0,MID-VOLUME STORES,7519.556982343499,2268.565810280619,0.30168875847438714
535,1,HIGH-VOLUME STORES,8115.771501925546,2285.715716334017,0.2816387469498998
536,1,HIGH-VOLUME STORES,8323.613607188703,2456.01796409734,0.2950663113405692
537,0,MID-VOLUME STORES,5580.178893178893,1344.0663653638464,0.2408643864458912
538,0,MID-VOLUME STORES,3859.0242346938776,1084.112573586739,0.28092919547905815
539,1,HIGH-VOLUME STORES,11310.963022508038,1713.7720477008315,0.1515142472210848
540,0,MID-VOLUME STORES,5648.990353697749,1830.1641681429746,0.32398075648066477
541,0,MID-VOLUME STORES,6720.812580231065,1987.1751923356762,0.2956748411912055
542,0,MID-VOLUME STORES,6246.641479099679,1403.0077152437755,0.22460192728172856
543,0,MID-VOLUME STORES,2790.3802816901407,1237.6984969300877,0.443559075102269
544,1,HIGH-VOLUME STORES,14094.498717948718,4209.3712923079975,0.29865349428479854
545,1,HIGH-VOLUME STORES,10635.256739409499,3024.2587620711574,0.2843616130924803
546,1,HIGH-VOLUME STORES,13681.53443877551,2347.6497045910332,0.1715925735593987
547,0,MID-VOLUME STORES,5752.490353697749,1175.8968848516163,0.2044152727862881
548,0,MID-VOLUME STORES,5073.0234375,1654.0672228015549,0.3260515633684286
549,0,MID-VOLUME STORES,4642.716836734694,919.7168140552194,0.19809883876141643
550,0,MID-VOLUME STORES,5973.627400768246,1456.4529324098194,0.2438138227741674
551,0,MID-VOLUME STORES,6559.378826530612,1626.3930704247257,0.2479492515124268
552,1,HIGH-VOLUME STORES,7721.866837387965,3115.5935941299285,0.4034767316945631
553,0,MID-VOLUME STORES,7038.598455598456,2013.3907405472303,0.28604995060427013
554,0,MID-VOLUME STORES,4481.014030612245,954.401979112536,0.21298794705673688
555,0,MID-VOLUME STORES,5173.860353130016,1343.1400417624839,0.25960113920545386
556,0,MID-VOLUME STORES,7178.753512132823,1851.7956549268404,0.25795504077373843
557,0,MID-VOLUME STORES,4383.079691516709,1299.3571913674107,0.2964484524162928
558,0,MID-VOLUME STORES,3241.5242346938776,720.0926536271865,0.2221463118862631
559,0,MID-VOLUME STORES,5882.961538461538,2334.112502512531,0.39675807622616693
560,1,HIGH-VOLUME STORES,13612.859437751003,3287.7598712242357,0.24151868211513763
561,0,MID-VOLUME STORES,6913.826700898588,1807.524028222679,0.2614361201717358
562,1,HIGH-VOLUME STORES,17969.55626326964,2931.927598644981,0.1631608235445378
563,0,MID-VOLUME STORES,5513.492268041237,1322.8647066870458,0.23993226840182297
564,0,MID-VOLUME STORES,5528.115532734275,1200.1371192022007,0.2170969676910131
565,0,MID-VOLUME STORES,6636.4172015404365,1798.8165380450405,0.2710523590390763
566,0,MID-VOLUME STORES,4904.639030612245,1273.7852144188632,0.2597102878455577
567,0,MID-VOLUME STORES,5241.504492939666,1607.5109345017759,0.3066888403257312
568,0,MID-VOLUME STORES,4877.496798975672,1158.2113128363278,0.2374601892264829
569,0,MID-VOLUME STORES,4519.556122448979,942.6132525976312,0.208563236534579
570,0,MID-VOLUME STORES,4535.404364569961,1545.2516053833415,0.3407086736200774
571,0,MID-VOLUME STORES,7742.750803858521,1857.762920785741,0.2399357757788025
572,0,MID-VOLUME STORES,6888.75,1742.020634483916,0.25287906143842004
573,0,MID-VOLUME STORES,3974.773311897106,1097.2590892383744,0.27605576548330685
574,1,HIGH-VOLUME STORES,8898.217503217504,2101.9205265176747,0.23621815557527584
575,0,MID-VOLUME STORES,5367.566613162119,2472.7285919986007,0.46067962825744546
576,0,MID-VOLUME STORES,6982.517857142857,1988.4313993891362,0.28477283410812115
577,0,MID-VOLUME STORES,4953.4170918367345,1184.5693574972906,0.23914185612381988
578,1,HIGH-VOLUME STORES,8164.39178690344,2314.6488859482256,0.28350536651868796
579,1,HIGH-VOLUME STORES,8294.347881899872,2176.9717601825705,0.26246448680229717
580,1,HIGH-VOLUME STORES,10197.661989795919,2314.114111679444,0.22692594773145203
581,0,MID-VOLUME STORES,5333.718870346598,2053.939105134267,0.3850857450611747
582,0,MID-VOLUME STORES,7023.083120204604,1994.3123363071097,0.2839653613908829
583,0,MID-VOLUME STORES,4311.907692307693,1275.2029108611948,0.29573984460198827
584,0,MID-VOLUME STORES,4734.89628681178,1123.7687613443309,0.23733756628933794
585,0,MID-VOLUME STORES,5675.156887755102,1596.2047347304785,0.2812617811807988
586,1,HIGH-VOLUME STORES,15131.960051546392,3539.497635533954,0.23390873511936344
587,1,HIGH-VOLUME STORES,9663.285714285714,2435.392361986322,0.2520252876706275
588,0,MID-VOLUME STORES,6154.610969387755,1436.5555176291414,0.23341126267352788
589,0,MID-VOLUME STORES,4678.80291005291,2107.775806981102,0.45049467727147036
590,0,MID-VOLUME STORES,4984.169884169884,1204.2023451698162,0.24160539731891115
591,0,MID-VOLUME STORES,5700.705276705276,1295.7638263573922,0.22729886276567504
592,0,MID-VOLUME STORES,4448.5109114249035,1280.991919976591,0.2879597117962955
593,1,HIGH-VOLUME STORES,9507.956632653062,2345.560611131666,0.24669450038048504
594,0,MID-VOLUME STORES,4155.866071428572,1140.9033843788998,0.2745284291576596
595,1,HIGH-VOLUME STORES,15019.109693877552,3370.175798850107,0.2243925151052022
596,0,MID-VOLUME STORES,4505.818877551021,948.0123929387902,0.21039735921521305
597,0,MID-VOLUME STORES,5080.224646983312,1090.7795894258115,0.2147108967068075
598,0,MID-VOLUME STORES,5892.2926045016075,1060.4832860130384,0.17997804202779202
599,1,HIGH-VOLUME STORES,9769.727040816326,2114.3910619113467,0.21642273659005679
600,0,MID-VOLUME STORES,6996.617346938776,1775.0220581091517,0.25369717537658043
601,0,MID-VOLUME STORES,4875.769526248399,1164.5528802576177,0.23884494006296245
602,0,MID-VOLUME STORES,6300.167733674776,1495.2369116060986,0.23733287347477547
603,0,MID-VOLUME STORES,6933.314136125655,1908.0960381926163,0.2752069213553423
604,0,MID-VOLUME STORES,7963.988745980708,1963.0599519817101,0.2464920549984998
605,0,MID-VOLUME STORES,7026.735218508998,1858.3795405333954,0.26447268649575284
606,0,MID-VOLUME STORES,5839.210459183673,1457.256193898037,0.24956391006700634
607,0,MID-VOLUME STORES,3901.910485933504,1879.5669801712536,0.48170427972326507
608,1,HIGH-VOLUME STORES,9326.971794871795,3423.9732824597313,0.3671044962677295
609,0,MID-VOLUME STORES,4638.048469387755,1140.2676536853437,0.24585074114929734
610,0,MID-VOLUME STORES,4197.630295250321,1314.8892275106045,0.313245601690654
611,0,MID-VOLUME STORES,5792.303858520901,964.7027055512025,0.16654905010414028
612,0,MID-VOLUME STORES,6816.088282504013,1797.4762595843176,0.26371082431520126
613,0,MID-VOLUME STORES,6728.372122762148,1643.824901152651,0.24431242374237527
614,0,MID-VOLUME STORES,6590.615384615385,1532.9658621610595,0.23259828903678625
615,1,HIGH-VOLUME STORES,9712.421254801537,2304.2282707229624,0.2372455034921204
616,1,HIGH-VOLUME STORES,8487.512195121952,2107.2800042327694,0.24828005613280787
617,0,MID-VOLUME STORES,6359.165384615385,2138.6362082893247,0.33630768802825745
618,0,MID-VOLUME STORES,6830.578745198463,1603.1136956045366,0.23469661289410373
619,0,MID-VOLUME STORES,4303.602893890676,1506.8665149589906,0.35014069655406954
620,0,MID-VOLUME STORES,7773.766881028939,1457.4945376263142,0.18748884034369187
621,0,MID-VOLUME STORES,5916.224646983312,1429.644307286172,0.24164807670296107
622,0,MID-VOLUME STORES,4317.961734693878,1151.4802427709085,0.26667217393776715
623,1,HIGH-VOLUME STORES,7146.077023498695,2133.1255059477826,0.2985030106635223
624,0,MID-VOLUME STORES,7019.06675224647,2022.624429850325,0.2881614467055722
625,0,MID-VOLUME STORES,6300.195121951219,1745.0201722235684,0.27697875041100667
626,1,HIGH-VOLUME STORES,9382.529487179487,2686.2812884869695,0.286306724871749
627,0,MID-VOLUME STORES,5991.252240717029,1543.6546674845688,0.2576514233524952
628,0,MID-VOLUME STORES,6231.0829081632655,1917.5575546088598,0.3077406580638963
629,0,MID-VOLUME STORES,7652.739549839228,1908.7502473963712,0.2494205160080838
630,1,HIGH-VOLUME STORES,6935.852374839538,2617.205663168296,0.3773444879914771
631,0,MID-VOLUME STORES,5400.307397959184,1225.1114156422768,0.2268595702728433
632,0,MID-VOLUME STORES,7028.774234693878,1376.217670529938,0.19579767745803492
633,0,MID-VOLUME STORES,7207.2170418006435,1450.9548090167896,0.20131970504030838
634,0,MID-VOLUME STORES,6713.289743589744,2506.8350637025164,0.37341380447584505
635,0,MID-VOLUME STORES,5909.244871794872,2571.721901404516,0.4352031363058715
636,0,MID-VOLUME STORES,5927.699839486357,2333.6874568144776,0.393691907486445
637,1,HIGH-VOLUME STORES,8707.263665594855,1884.0743002906893,0.21637960818107083
638,0,MID-VOLUME STORES,6009.605177993528,1202.806993644524,0.20014742366920588
639,0,MID-VOLUME STORES,4734.697047496791,1509.053892686541,0.31872237601439984
640,1,HIGH-VOLUME STORES,11533.978177150193,2649.288845894932,0.2296942828575315
641,0,MID-VOLUME STORES,5764.295250320924,1911.6306126159734,0.3316330148962346
642,0,MID-VOLUME STORES,3652.7098844672655,786.5386231451618,0.21533016528080373
643,1,HIGH-VOLUME STORES,7994.431122448979,2103.342751034108,0.263100991029588
644,1,HIGH-VOLUME STORES,9353.057432432432,2688.0743552782787,0.28740060399470857
645,1,HIGH-VOLUME STORES,10730.2574002574,2748.233106822076,0.25611996099517154
646,0,MID-VOLUME STORES,5025.926045016077,982.8195371017871,0.19554994011031915
647,0,MID-VOLUME STORES,5774.5752551020405,1561.4052098424193,0.2703930836233995
648,0,MID-VOLUME STORES,6573.996173469388,1439.6977417046176,0.2189988712671893
649,0,MID-VOLUME STORES,3683.7923076923075,1457.8162332414342,0.3957379003689477
650,0,MID-VOLUME STORES,6391.008038585209,1114.5757950152274,0.17439749540073549
651,0,MID-VOLUME STORES,7615.865211810013,1585.892901222564,0.20823542133640982
652,0,MID-VOLUME STORES,6637.632992327366,2201.5477426311363,0.33167663008424386
653,0,MID-VOLUME STORES,5915.504492939666,1519.7617467914613,0.2569116038379048
654,0,MID-VOLUME STORES,6475.152564102564,2451.650517064774,0.3786243633325982
655,1,HIGH-VOLUME STORES,8031.711168164314,2492.497452900554,0.3103320576043855
656,0,MID-VOLUME STORES,3245.192061459667,690.2984389812682,0.21271420178156614
657,0,MID-VOLUME STORES,6054.715206185567,2046.2991677536102,0.3379678643948583
658,0,MID-VOLUME STORES,6058.83055198973,1804.0086303412127,0.29774865213036417
659,0,MID-VOLUME STORES,5643.966709346991,1698.3720746698934,0.3009181595379034
660,0,MID-VOLUME STORES,4616.599678456591,1569.4269646258085,0.33995301172626147
661,0,MID-VOLUME STORES,7166.540364583333,1443.5575336636211,0.20143018251841668
662,1,HIGH-VOLUME STORES,8439.524234693878,2678.178649396584,0.3173376336058034
663,0,MID-VOLUME STORES,4792.556878306878,1619.6579561048752,0.33795278746427115
664,0,MID-VOLUME STORES,4946.3564102564105,1521.6704071116276,0.3076346063450666
665,1,HIGH-VOLUME STORES,8228.487710219923,2507.920972657407,0.3047851635656606
666,0,MID-VOLUME STORES,7016.610038610039,2066.7277509254786,0.2945478998480709
667,1,HIGH-VOLUME STORES,8786.501915708812,2226.777209638318,0.25343159666956977
668,1,HIGH-VOLUME STORES,8940.853316326531,1995.5078517446827,0.2231898657928731
669,0,MID-VOLUME STORES,4514.2347266881025,988.795232819975,0.2190393926514785
670,0,MID-VOLUME STORES,6589.94847020934,1557.3806754638197,0.2363266848753291
671,0,MID-VOLUME STORES,5935.5,1357.1296765369175,0.22864622635614817
672,1,HIGH-VOLUME STORES,8837.105128205128,2107.6241542512803,0.23849712362529651
673,0,MID-VOLUME STORES,7126.018018018018,1893.1160669578353,0.2656625428354409
674,1,HIGH-VOLUME STORES,8204.347651006712,2708.850568382425,0.33017257234949526
675,0,MID-VOLUME STORES,4278.189500640205,1579.8426812112652,0.36927833163417645
676,1,HIGH-VOLUME STORES,7687.464052287582,2397.414441581638,0.3118602474463906
677,0,MID-VOLUME STORES,7938.98231511254,2024.709048820585,0.2550338278202706
678,0,MID-VOLUME STORES,7299.937098844673,2104.290366349145,0.28826143812693694
679,1,HIGH-VOLUME STORES,9943.924744897959,2153.785170962133,0.2165930682517685
680,0,MID-VOLUME STORES,5205.306122448979,1322.5959354014751,0.2540861006613043
681,0,MID-VOLUME STORES,3566.1566579634464,1149.5760930564165,0.32235714897418843
682,1,HIGH-VOLUME STORES,11207.408704883228,3253.524235462589,0.29030120352842864
683,1,HIGH-VOLUME STORES,9147.085459183674,2565.591607284643,0.280481867009211
684,0,MID-VOLUME STORES,7721.36655948553,2302.097787433386,0.29814641873274483
685,0,MID-VOLUME STORES,6630.550706033376,2629.9408452072316,0.39663988133205197
686,0,MID-VOLUME STORES,6250.410256410257,2494.9353455207133,0.3991634537848093
687,0,MID-VOLUME STORES,8372.464698331194,1796.748549277444,0.2146021051167374
688,0,MID-VOLUME STORES,3615.8333333333335,1390.5323212711692,0.384567592884398
689,0,MID-VOLUME STORES,7046.112676056338,1905.6641395925076,0.27045609788049757
690,0,MID-VOLUME STORES,5589.987163029525,1382.5084425294965,0.24731871508989983
691,0,MID-VOLUME STORES,8371.011553273427,2073.7175040247744,0.24772603535756216
692,0,MID-VOLUME STORES,6588.4172015404365,2201.547893007331,0.3341542931574806
693,0,MID-VOLUME STORES,6607.938540332906,2807.4470497666557,0.4248597399371722
694,0,MID-VOLUME STORES,8047.522508038585,1565.2386837711774,0.19449944777509812
695,0,MID-VOLUME STORES,5393.123234916559,2139.996627513814,0.3968009879060224
696,0,MID-VOLUME STORES,7850.139030612245,1952.6828817256792,0.2487450061853728
697,1,HIGH-VOLUME STORES,10656.173299101412,2543.4325190431628,0.2386816024526965
698,1,HIGH-VOLUME STORES,15564.119897959185,2506.622125717423,0.16105132459472374
699,1,HIGH-VOLUME STORES,8331.00522875817,2026.707122189814,0.24327281841016413
700,0,MID-VOLUME STORES,4362.244708994709,1671.2146353047347,0.38310886866543314
701,0,MID-VOLUME STORES,5778.974276527331,1706.4699763944366,0.2952894224370694
702,0,MID-VOLUME STORES,4373.971061093248,1155.1098430728428,0.26408721661366685
703,0,MID-VOLUME STORES,3290.5340179717587,956.9375651845535,0.2908152779938124
704,1,HIGH-VOLUME STORES,10393.865900383142,2443.7469712488446,0.23511434481358495
705,1,HIGH-VOLUME STORES,7967.267008985879,2474.7554184316314,0.31061534848028555
706,0,MID-VOLUME STORES,5743.2652733118975,1295.1613638856975,0.22550958422626244
707,1,HIGH-VOLUME STORES,8319.731707317073,2529.700318810665,0.3040603240349486
708,0,MID-VOLUME STORES,4578.6448326055315,2064.444988325881,0.4508855925282774
709,1,HIGH-VOLUME STORES,9886.915816326531,3169.2114849077775,0.32054601695650864
710,0,MID-VOLUME STORES,4546.652733118971,1306.102513645824,0.28726682909645646
711,0,MID-VOLUME STORES,6914.39165329053,1853.0121981491939,0.2679935258320742
712,0,MID-VOLUME STORES,6421.442122186495,1643.0190963811417,0.2558645028823674
713,1,HIGH-VOLUME STORES,10718.055198973043,2694.8029017849235,0.251426480994717
714,0,MID-VOLUME STORES,4553.947232947233,1262.6251019147549,0.277259493210598
715,0,MID-VOLUME STORES,6491.095360824742,2560.757149862517,0.39450308576843246
716,0,MID-VOLUME STORES,5717.081993569132,1250.3237473300283,0.2186996353623154
717,0,MID-VOLUME STORES,5552.894736842105,1884.5135801143747,0.3393749871776041
718,0,MID-VOLUME STORES,7911.313700384123,1759.6928738959725,0.22242739202852405
719,0,MID-VOLUME STORES,5383.604501607717,1238.3778509090896,0.23002764236103715
720,0,MID-VOLUME STORES,7166.128826530612,1726.2056382357905,0.24088398074075798
721,0,MID-VOLUME STORES,7673.413265306122,1470.702519380946,0.19166210244800022
722,1,HIGH-VOLUME STORES,9836.646683673469,2022.8402206495757,0.20564327312955308
723,0,MID-VOLUME STORES,7032.10371318822,1783.8020819123724,0.2536654967939361
724,0,MID-VOLUME STORES,6812.905006418485,1510.5730977048438,0.22172231908146708
725,0,MID-VOLUME STORES,5747.4247448979595,1241.2027679069838,0.21595807217985943
726,1,HIGH-VOLUME STORES,11048.673076923076,3926.6450606257854,0.35539517128325687
727,0,MID-VOLUME STORES,4529.290653008963,1262.7839102055673,0.27880390263024
728,0,MID-VOLUME STORES,5245.70785070785,1122.3017106576065,0.2139466669891203
729,1,HIGH-VOLUME STORES,10548.913992297817,2750.7958701671005,0.260765788039941
730,0,MID-VOLUME STORES,8055.372448979592,1892.7188405857269,0.23496354173238576
731,1,HIGH-VOLUME STORES,9249.2293814433,2522.398462592788,0.2727144455573205
732,0,MID-VOLUME STORES,5816.439411098528,2246.6639666480105,0.38626104526440724
733,1,HIGH-VOLUME STORES,14933.288747346072,1838.044096708791,0.12308367753455822
734,0,MID-VOLUME STORES,5980.523748395379,2145.6858397175342,0.35877891803259515
735,0,MID-VOLUME STORES,5518.541025641026,2069.0564033181677,0.3749281546888254
736,0,MID-VOLUME STORES,5244.075562700965,1283.9205566900903,0.244832581327033
737,0,MID-VOLUME STORES,6117.901155327343,1957.9259859120623,0.32003230130763727
738,0,MID-VOLUME STORES,8508.600770218229,1764.3920356819244,0.20736570951332475
739,1,HIGH-VOLUME STORES,9557.665594855305,2644.0183121251316,0.27663850402428314
740,0,MID-VOLUME STORES,6978.176696542893,1727.9001431320435,0.24761484529161815
741,0,MID-VOLUME STORES,7619.468112244898,1824.4860838729996,0.2394505832947777
742,0,MID-VOLUME STORES,8025.888318356868,1983.1233659120523,0.24709082499643545
743,0,MID-VOLUME STORES,3816.5897435897436,1393.3754845600579,0.3650839042630504
744,0,MID-VOLUME STORES,7457.067768595041,1324.6160972155155,0.17763229976185152
745,1,HIGH-VOLUME STORES,7499.078205128205,2971.0300609195565,0.3961860350899972
746,0,MID-VOLUME STORES,6039.549295774648,1776.7048646560427,0.29417838610888564
747,1,HIGH-VOLUME STORES,8027.1461538461535,2226.4047433715623,0.27735943767571686
748,0,MID-VOLUME STORES,5737.6765083440305,1569.980946653049,0.27362660553795604
749,0,MID-VOLUME STORES,5189.860077021823,1958.3595542278406,0.3773434206634018
750,0,MID-VOLUME STORES,4997.352090032155,1248.0910808279675,0.24975047952243382
751,0,MID-VOLUME STORES,4216.215661103979,1076.9716406990926,0.25543561507883045
752,0,MID-VOLUME STORES,5251.659820282413,1904.5836595599285,0.36266318168672007
753,1,HIGH-VOLUME STORES,8710.279845956355,2251.260285998287,0.2584601557943524
754,1,HIGH-VOLUME STORES,8086.957800511509,2641.458357237241,0.32663189575073165
755,1,HIGH-VOLUME STORES,10483.216389244559,2356.555476404505,0.2247931730973573
756,1,HIGH-VOLUME STORES,16574.816431322208,3912.558675159741,0.2360544197500731
757,0,MID-VOLUME STORES,6219.787644787645,1632.8469437466629,0.2625245485856794
758,0,MID-VOLUME STORES,4868.3669250646,1281.239351790305,0.2631764144961822
759,0,MID-VOLUME STORES,7010.137355584082,2221.453074299534,0.3168915188986969
760,0,MID-VOLUME STORES,7638.3642213642215,1018.8871139310455,0.1333907476002854
761,1,HIGH-VOLUME STORES,8729.478316326531,2103.0751690879824,0.24091647780998002
762,0,MID-VOLUME STORES,3891.990813648294,1199.3453640004625,0.3081572956941833
763,0,MID-VOLUME STORES,6125.251275510204,1396.917282674385,0.22805877176982073
764,0,MID-VOLUME STORES,3538.9882659713167,1382.910501614515,0.39076436475127985
765,1,HIGH-VOLUME STORES,8506.867438867439,2069.185760268439,0.2432370993362887
766,0,MID-VOLUME STORES,6123.943729903537,1446.2401411739713,0.23616156597127194
767,0,MID-VOLUME STORES,6023.40306122449,1877.2128910584124,0.31165320865590496
768,1,HIGH-VOLUME STORES,12991.838010204081,3350.4568488985433,0.25788936455850353
769,1,HIGH-VOLUME STORES,10825.902335456476,1851.334458827737,0.17100971369050091
770,0,MID-VOLUME STORES,6477.788189987163,2006.3991368144975,0.3097352179430358
771,0,MID-VOLUME STORES,6722.011254019292,1531.746148143684,0.22787021477058775
772,0,MID-VOLUME STORES,3582.199233716475,827.108865473391,0.23089415510127242
773,0,MID-VOLUME STORES,5716.108834827145,1236.3746298429455,0.2162965516524028
774,0,MID-VOLUME STORES,5493.743622448979,1119.9110206103128,0.20385207202499256
775,0,MID-VOLUME STORES,8690.889067524116,1777.628760970286,0.20453934541782176
776,0,MID-VOLUME STORES,4804.806701030928,1327.6792126186042,0.27632312707475515
777,0,MID-VOLUME STORES,3991.3504492939664,1063.961054315153,0.26656668409143525
778,0,MID-VOLUME STORES,5901.257234726688,1409.572826671803,0.2388597498134796
779,1,HIGH-VOLUME STORES,7128.521794871795,2894.213989937518,0.40600478938278534
780,0,MID-VOLUME STORES,6547.1884615384615,2520.1358922994937,0.38491879485431996
781,0,MID-VOLUME STORES,4922.442307692308,1777.424382552382,0.3610858739318891
782,0,MID-VOLUME STORES,5488.799743260591,1310.0365812314008,0.23867450854623107
783,0,MID-VOLUME STORES,6860.185421994885,1579.8066811966796,0.23028629461407255
784,1,HIGH-VOLUME STORES,7751.309370988447,2295.6990082108427,0.2961691887570855
785,0,MID-VOLUME STORES,6511.518613607189,2014.0109868408865,0.30929973579929365
786,0,MID-VOLUME STORES,3563.674358974359,1452.8067983860376,0.40767103052708825
787,1,HIGH-VOLUME STORES,10227.147435897436,2596.0887970983595,0.2538429032504264
788,1,HIGH-VOLUME STORES,17961.914540816328,3150.6476492216075,0.17540711721248495
789,0,MID-VOLUME STORES,3380.011583011583,630.273421782853,0.18647078754129026
790,0,MID-VOLUME STORES,7453.021766965429,1634.088946606955,0.21925186826232634
791,0,MID-VOLUME STORES,7668.776636713736,2181.069828744514,0.28440909574843964
792,0,MID-VOLUME STORES,7389.373555840822,2445.4861782873404,0.3309463461018752
793,0,MID-VOLUME STORES,4832.121951219512,1742.7748747411677,0.36066450564256414
794,0,MID-VOLUME STORES,3083.8128205128205,575.9523593546659,0.1867663158812889
795,0,MID-VOLUME STORES,4553.673940949936,1502.7302637978435,0.3300039228290379
796,0,MID-VOLUME STORES,7244.772785622593,2144.2186815294444,0.2959676921524292
797,0,MID-VOLUME STORES,4208.231511254019,1131.5439516130934,0.2688882369201932
798,1,HIGH-VOLUME STORES,7468.274358974359,2846.7652316384783,0.381181126295611
799,1,HIGH-VOLUME STORES,9894.987163029526,2025.6100296263644,0.2047107283973664
800,0,MID-VOLUME STORES,5337.432605905006,1369.936871686403,0.2566658865482984
801,0,MID-VOLUME STORES,4845.2295918367345,1467.4681581692669,0.3028686526313767
802,0,MID-VOLUME STORES,6841.0752551020405,1694.2981241616285,0.2476654708480263
803,0,MID-VOLUME STORES,6047.678803641093,1845.732320528174,0.30519681690385475
804,0,MID-VOLUME STORES,4922.186495176848,1094.2948099232929,0.2223188436674576
805,0,MID-VOLUME STORES,6084.228295819936,1723.8316613725335,0.2833279057850052
806,0,MID-VOLUME STORES,6808.287781350482,1999.7626072828093,0.2937247471766153
807,1,HIGH-VOLUME STORES,9820.042253521127,1696.1579047824341,0.1727240943565442
808,0,MID-VOLUME STORES,7291.133333333333,2029.228411553486,0.27831453887646446
809,1,HIGH-VOLUME STORES,9393.61489088575,3007.7611959581586,0.3201920912125607
810,0,MID-VOLUME STORES,5930.421052631579,1270.8049934920136,0.21428579559761674
811,0,MID-VOLUME STORES,4132.038265306122,871.7763158597786,0.21097972958757025
812,0,MID-VOLUME STORES,6366.778205128205,2075.06540615771,0.3259207937361979
813,0,MID-VOLUME STORES,5810.714285714285,1159.823994919051,0.19960093336037757
814,1,HIGH-VOLUME STORES,8476.763427109974,2607.114426982993,0.30756012591374743
815,1,HIGH-VOLUME STORES,8395.837620578779,2236.923301331123,0.2664324159686306
816,0,MID-VOLUME STORES,5133.07702182285,1331.6678591597602,0.25942877020903543
817,1,HIGH-VOLUME STORES,21757.48341836735,4674.803919749232,0.21485958784198503
818,0,MID-VOLUME STORES,6110.572343149808,1915.008612540925,0.313392675022942
819,0,MID-VOLUME STORES,6091.100765306122,1231.053898057589,0.20210696645661544
820,1,HIGH-VOLUME STORES,12085.850482315112,2169.8215340635165,0.17953403752913838
821,0,MID-VOLUME STORES,6937.491071428572,1855.8511391677725,0.2675104184005263
822,1,HIGH-VOLUME STORES,7737.664540816327,2271.4944711652142,0.2935633173528056
823,0,MID-VOLUME STORES,5802.383928571428,1542.6382401659669,0.2658628348548061
824,0,MID-VOLUME STORES,6834.3125,2016.1374127201718,0.2950022277617788
825,0,MID-VOLUME STORES,4562.921221864952,972.6004480079015,0.21315302209192674
826,1,HIGH-VOLUME STORES,8839.186855670103,2076.40423496375,0.23490896491590646
827,1,HIGH-VOLUME STORES,12771.665389527458,3037.1940270534874,0.23780720324413865
828,0,MID-VOLUME STORES,5199.946153846154,1690.6514668038426,0.3251286487944395
829,0,MID-VOLUME STORES,5920.669654289372,1450.4375329139993,0.24497862870346004
830,0,MID-VOLUME STORES,6174.879487179487,2012.1282273825827,0.3258570845893005
831,1,HIGH-VOLUME STORES,12689.002567394095,3617.6780104998384,0.28510341859303373
832,0,MID-VOLUME STORES,6550.293213828425,1558.254093633538,0.23789073905025868
833,0,MID-VOLUME STORES,5511.350449293966,1462.300837548586,0.2653253228953921
834,0,MID-VOLUME STORES,5868.5420918367345,1679.2045167904391,0.28613657199907416
835,0,MID-VOLUME STORES,5188.126466753585,1551.0261459418416,0.29895688855718655
836,0,MID-VOLUME STORES,5906.002564102564,2157.7467119445255,0.36534808248468853
837,0,MID-VOLUME STORES,3473.721704394141,1496.003335484792,0.4306629784396367
838,0,MID-VOLUME STORES,7987.2723785166245,1928.6760357662558,0.24146866969928532
839,0,MID-VOLUME STORES,5127.158163265306,1660.714018986388,0.32390536162604705
840,0,MID-VOLUME STORES,7319.0204081632655,1920.4290693921423,0.262388811930377
841,0,MID-VOLUME STORES,2972.608974358974,1096.2626858685385,0.3687880563251482
842,1,HIGH-VOLUME STORES,18574.79581993569,3788.9855476080274,0.20398531345046814
843,1,HIGH-VOLUME STORES,9468.706632653062,2209.8209553188753,0.23338149982366702
844,0,MID-VOLUME STORES,4178.712451861361,1472.4676957927581,0.35237353915961933
845,0,MID-VOLUME STORES,4828.561855670103,1022.4685088807432,0.2117542530142955
846,1,HIGH-VOLUME STORES,9224.637997432606,2785.1713483158965,0.30192744139022726
847,0,MID-VOLUME STORES,7111.761597938144,1791.0227602147465,0.25183953870641607
848,0,MID-VOLUME STORES,6630.602883355177,2009.0482732225857,0.3029963200278373
849,0,MID-VOLUME STORES,8155.218112244898,1779.377368862759,0.21818881412761473
850,0,MID-VOLUME STORES,6201.788860103627,1800.1812772906824,0.29026806908428077
851,0,MID-VOLUME STORES,5453.463022508038,1205.2140846230516,0.22099977200703116
852,0,MID-VOLUME STORES,4606.513444302177,1374.596980147941,0.2984029020577782
853,1,HIGH-VOLUME STORES,9243.104247104247,2129.0229199094997,0.23033635270060887
854,0,MID-VOLUME STORES,6577.1435897435895,1707.0356720107704,0.2595405815182027
855,0,MID-VOLUME STORES,5762.671814671815,1677.2923524872742,0.29106157810633476
856,0,MID-VOLUME STORES,7142.380102040816,1467.8947430473836,0.20551898975916405
857,0,MID-VOLUME STORES,7446.322663252241,1768.496212086755,0.2374992720654345
858,0,MID-VOLUME STORES,4755.604501607717,946.9217121797429,0.19911700223591328
859,0,MID-VOLUME STORES,7503.749196141479,1364.0745199930825,0.18178572928510278
860,0,MID-VOLUME STORES,5781.333759590792,1479.749147291542,0.25595290097838597
861,0,MID-VOLUME STORES,3500.3494764397906,951.4999469278266,0.2718299853578044
862,1,HIGH-VOLUME STORES,8565.13392857143,2139.3988499707257,0.24977996465813046
863,1,HIGH-VOLUME STORES,7707.847801578354,2765.4636495350633,0.3587854509748847
864,0,MID-VOLUME STORES,4268.436293436293,1096.6027501421074,0.2569097146485207
865,0,MID-VOLUME STORES,7566.584082156611,1693.3303032001804,0.22379058830435294
866,0,MID-VOLUME STORES,6873.391805377721,1757.7295699747244,0.25572957569499855
867,0,MID-VOLUME STORES,4329.221590909091,1396.9670087099723,0.32268318434968907
868,1,HIGH-VOLUME STORES,9578.29961587708,1914.032324262151,0.1998300743369348
869,0,MID-VOLUME STORES,5973.307692307692,2050.0335211742713,0.3431990492996475
870,0,MID-VOLUME STORES,6929.204663212436,1362.8943516760073,0.19668842499510736
871,0,MID-VOLUME STORES,6260.498079385403,1704.9262865662283,0.27233077383734333
872,1,HIGH-VOLUME STORES,8536.406931964057,1943.2979481207692,0.22764823228426567
873,0,MID-VOLUME STORES,3833.344871794872,984.3254026840139,0.25677976691492593
874,0,MID-VOLUME STORES,4583.692602040816,1009.9315777419899,0.2203314369930335
875,0,MID-VOLUME STORES,5061.662387676508,1483.5336966375494,0.2930921865214615
876,1,HIGH-VOLUME STORES,9228.909921671018,4079.7225051065293,0.44205897985055215
877,0,MID-VOLUME STORES,6331.502481389578,1539.618220602506,0.24316790921711923
878,1,HIGH-VOLUME STORES,8720.084615384616,2411.594471562345,0.2765563154407507
879,0,MID-VOLUME STORES,3762.983922829582,1014.7831176702628,0.26967511381425063
880,0,MID-VOLUME STORES,7507.059202059202,1592.9943338008236,0.2121995166048327
881,0,MID-VOLUME STORES,4203.016688061617,1518.4597758850227,0.3612785502846335
882,0,MID-VOLUME STORES,6615.955729166667,1580.210521224388,0.23884841221926198
883,0,MID-VOLUME STORES,4768.650834403081,1301.1809402870413,0.2728614414164625
884,0,MID-VOLUME STORES,5536.90996784566,1465.6397574040523,0.2647035559392189
885,0,MID-VOLUME STORES,5458.6752577319585,1378.2117970878764,0.252481001711121
886,0,MID-VOLUME STORES,6442.724005134788,1732.63578562583,0.268929071654309
887,0,MID-VOLUME STORES,6896.303501945526,2014.9845028505754,0.2921832692372262
888,0,MID-VOLUME STORES,7998.741071428572,1752.3440453224034,0.21907748102782823
889,0,MID-VOLUME STORES,4144.4371794871795,1241.374563160271,0.2995278995431353
890,0,MID-VOLUME STORES,5729.583601286174,1551.8107521704783,0.27084180285320014
891,1,HIGH-VOLUME STORES,7976.407216494846,1929.9837770735815,0.24196154041414325
892,1,HIGH-VOLUME STORES,7599.162820512821,2802.731287601961,0.368821060135256
893,0,MID-VOLUME STORES,6396.59003215434,1283.8240936652346,0.20070445146737798
894,1,HIGH-VOLUME STORES,8468.47989623865,2641.816133096477,0.31195871814844395
895,1,HIGH-VOLUME STORES,9329.359073359074,1754.934759125469,0.18810882348143962
896,0,MID-VOLUME STORES,6937.665816326531,1403.6280933073695,0.2023199344661697
897,0,MID-VOLUME STORES,3492.9447300771208,1810.4618005647724,0.5183196244060808
898,0,MID-VOLUME STORES,6615.434782608696,2874.480458801762,0.4345111928785812
899,0,MID-VOLUME STORES,5268.315384615385,2134.6650542851858,0.40518930596274993
900,0,MID-VOLUME STORES,5844.512861736334,1179.3797650753102,0.2017926545763355
901,0,MID-VOLUME STORES,7231.0420918367345,1942.9145575119298,0.26869081009849527
902,0,MID-VOLUME STORES,4886.471061093248,926.1422185518044,0.18953191515363216
903,1,HIGH-VOLUME STORES,11737.745980707396,2210.192279605104,0.1882978455350678
904,0,MID-VOLUME STORES,6016.757234726688,1402.9806907391367,0.23317887626271616
905,1,HIGH-VOLUME STORES,8530.25160462131,2654.032115728464,0.3111317507083411
906,1,HIGH-VOLUME STORES,10929.289372599233,2663.4615289423946,0.2436994243761123
907,0,MID-VOLUME STORES,6270.749679075738,1400.1045408028062,0.2232754634545022
908,0,MID-VOLUME STORES,4234.8271446863,1593.0632867112809,0.3761814195203212
909,1,HIGH-VOLUME STORES,10728.983525535421,3252.0895683828026,0.3031125512163101
910,0,MID-VOLUME STORES,5708.80641025641,1670.3389837474244,0.2925898802149785
911,1,HIGH-VOLUME STORES,9884.908163265307,2244.5120571511748,0.22706453313267194
912,0,MID-VOLUME STORES,5765.9795918367345,1347.9567725376914,0.23377758298799392
913,1,HIGH-VOLUME STORES,8892.161082474227,2469.647846612351,0.27773314312533526
914,1,HIGH-VOLUME STORES,9506.707908163266,2372.194280913709,0.249528470194897
915,0,MID-VOLUME STORES,6338.1077170418,1588.560840995464,0.25063645364122916
916,0,MID-VOLUME STORES,5382.226804123711,1112.629195445649,0.20672283720804624
917,0,MID-VOLUME STORES,6702.944801026958,2004.1401096758098,0.29899397491215435
918,0,MID-VOLUME STORES,5187.271794871795,1631.1399891359797,0.31445045751189404
919,0,MID-VOLUME STORES,5536.381642512078,1651.660624043964,0.2983285348974858
920,0,MID-VOLUME STORES,5764.196141479099,1202.14604137093,0.20855397905707942
921,1,HIGH-VOLUME STORES,9473.894871794872,2958.319432233705,0.3122601076185721
922,0,MID-VOLUME STORES,7405.846451612903,1509.9467856563288,0.20388578071686603
923,0,MID-VOLUME STORES,5315.344387755102,740.8206927928795,0.1393739781940564
924,0,MID-VOLUME STORES,4752.883183568678,1432.6371051404913,0.3014248509395939
925,0,MID-VOLUME STORES,6702.427083333333,1674.3132184501042,0.249807002393738
926,0,MID-VOLUME STORES,7260.587933247753,2007.8751096486928,0.2765444242406613
927,0,MID-VOLUME STORES,6562.111543450065,2072.7561651119113,0.31586725574343844
928,1,HIGH-VOLUME STORES,8014.682926829269,2482.2755318029876,0.30971599930591565
929,0,MID-VOLUME STORES,5815.345663265306,1333.1016826187108,0.2292385972926288
930,0,MID-VOLUME STORES,7150.1578947368425,1747.2964594471623,0.24437173069049695
931,0,MID-VOLUME STORES,3588.8388571428573,1226.4619400858885,0.3417433852302575
932,0,MID-VOLUME STORES,7395.208667736758,1896.2815487196995,0.2564202896657466
933,1,HIGH-VOLUME STORES,7331.4794871794875,2417.794707706986,0.3297826464542346
934,0,MID-VOLUME STORES,6763.620025673941,1848.0549976819057,0.2732345978435951
935,0,MID-VOLUME STORES,5650.705357142857,1676.2373577027338,0.29664214496405505
936,0,MID-VOLUME STORES,7056.284980744545,1423.9169314531705,0.20179413605584362
937,0,MID-VOLUME STORES,7232.900128040973,1895.194974141923,0.26202421443571566
938,1,HIGH-VOLUME STORES,9408.114795918367,1923.272627204668,0.20442699402850228
939,0,MID-VOLUME STORES,5977.849807445443,1475.554082425936,0.24683692798506343
940,0,MID-VOLUME STORES,7252.592307692307,1967.9182925371924,0.27133998562830586
941,0,MID-VOLUME STORES,5030.638263665594,1267.752265284578,0.25200624629305496
942,0,MID-VOLUME STORES,6058.364916773367,1589.7513065460976,0.2624060003623528
943,0,MID-VOLUME STORES,6969.183568677792,1481.3831378018301,0.21256193400612078
944,1,HIGH-VOLUME STORES,7930.507653061224,2195.4066968188104,0.27683053757237974
945,0,MID-VOLUME STORES,4374.955357142857,1104.6450060177356,0.25249286354755945
946,0,MID-VOLUME STORES,4203.427471116816,1137.461014135788,0.2706032212882631
947,1,HIGH-VOLUME STORES,8392.398184176394,1749.954678729449,0.2085166409321395
948,1,HIGH-VOLUME STORES,6944.243797195253,1824.806831074546,0.26277977622438553
949,0,MID-VOLUME STORES,5350.006377551021,1842.5656078187185,0.34440437595555873
950,0,MID-VOLUME STORES,5742.317419354838,1597.6966842866054,0.27823203901990323
951,0,MID-VOLUME STORES,7776.97946084724,1938.2296707684097,0.24922653846860682
952,0,MID-VOLUME STORES,6568.048231511254,1285.4844926807918,0.19571788259919834
953,0,MID-VOLUME STORES,5323.455242966752,1888.7039957403629,0.3547891190098166
954,0,MID-VOLUME STORES,6966.048780487805,2043.24214495322,0.29331436074298345
955,0,MID-VOLUME STORES,4719.5494223363285,1380.1196368017927,0.29242614353608976
956,0,MID-VOLUME STORES,3855.9123711340208,1499.1825884800014,0.3888010006926306
957,1,HIGH-VOLUME STORES,7898.885204081633,2509.547441219178,0.31770906607459065
958,0,MID-VOLUME STORES,4244.432397959184,972.203567035311,0.22905384651732652
959,0,MID-VOLUME STORES,7051.434948979592,1930.9657595619763,0.27384011531460056
960,0,MID-VOLUME STORES,6723.600512163893,1782.3124525925323,0.2650830383762525
961,0,MID-VOLUME STORES,6521.935815147625,1462.0228120025633,0.2241700705804125
962,0,MID-VOLUME STORES,6690.6148825065275,2135.9058696886377,0.31923909942466394
963,1,HIGH-VOLUME STORES,10764.320924261874,4507.548865345991,0.41874902254041446
964,1,HIGH-VOLUME STORES,9759.972797927461,2387.7751634995093,0.2446497764836553
965,1,HIGH-VOLUME STORES,8484.763124199744,2498.334722595354,0.2944495545750417
966,0,MID-VOLUME STORES,4818.078305519897,1055.456063307444,0.21906162506704102
967,1,HIGH-VOLUME STORES,8641.172015404365,2227.2684294327846,0.25775073398172127
968,0,MID-VOLUME STORES,7191.976923076923,1799.5567659909755,0.2502172608781225
969,0,MID-VOLUME STORES,3503.4662251655627,946.129109387101,0.2700551535479381
970,0,MID-VOLUME STORES,3295.742637644046,1185.5385832597979,0.3597181921059459
971,1,HIGH-VOLUME STORES,8280.81865284974,2380.096859196858,0.28742289367462204
972,0,MID-VOLUME STORES,3422.545584045584,1468.5455467514334,0.4290799087080543
973,0,MID-VOLUME STORES,6440.985879332477,1941.3523560233398,0.30140608788674056
974,1,HIGH-VOLUME STORES,11540.95498392283,2171.218636697064,0.18813162686464754
975,0,MID-VOLUME STORES,7715.736842105263,2031.3207143483428,0.2632698283932258
976,0,MID-VOLUME STORES,6974.965340179718,2163.969428857191,0.31024805476688344
977,0,MID-VOLUME STORES,4774.142857142857,1831.7900318313177,0.38368982383731487
978,0,MID-VOLUME STORES,7213.574358974359,1968.2707575309491,0.27285651461847577
979,0,MID-VOLUME STORES,6264.460358056266,1856.626093496303,0.29637446601583667
980,0,MID-VOLUME STORES,7019.6161745827985,1963.9419642301064,0.27977910976689985
981,0,MID-VOLUME STORES,7308.912820512821,1999.2757764719242,0.2735394203719135
982,0,MID-VOLUME STORES,8058.279487179487,2371.8765397323527,0.2943403171242629
983,1,HIGH-VOLUME STORES,10286.369170984455,3194.8189489318975,0.3105876228848335
984,0,MID-VOLUME STORES,6067.219072164949,1832.4117204481593,0.3020183874445636
985,1,HIGH-VOLUME STORES,8387.258687258687,2253.499137939861,0.2686812487807504
986,0,MID-VOLUME STORES,6228.320363164721,2129.7804398363405,0.34195101016835955
987,0,MID-VOLUME STORES,6847.355867346939,2058.5839079064644,0.3006392464167455
988,0,MID-VOLUME STORES,4698.071428571428,989.2181168774766,0.21055833907963256
989,0,MID-VOLUME STORES,5242.463022508038,1363.432456059906,0.26007478740548723
990,0,MID-VOLUME STORES,6409.134615384615,1718.8457387933756,0.2681868679536585
991,0,MID-VOLUME STORES,5756.765083440308,1341.034925333549,0.23294939187133396
992,0,MID-VOLUME STORES,5715.991014120667,1523.9217811406313,0.26660674892174707
993,0,MID-VOLUME STORES,7618.029487179487,2158.206228247896,0.2833024251061221
994,0,MID-VOLUME STORES,4539.516046213093,1733.8653900858524,0.3819493911762376
995,1,HIGH-VOLUME STORES,9264.346153846154,2133.758178601247,0.23031934938175894
996,0,MID-VOLUME STORES,6510.0469361147325,2249.4589945204852,0.34553652478932617
997,0,MID-VOLUME STORES,5157.918053777209,1583.649829671888,0.30703276266906976
998,0,MID-VOLUME STORES,4316.940797940798,873.2756937028817,0.20229040299080275
999,1,HIGH-VOLUME STORES,9183.744871794872,3111.9937011804423,0.33885890174693345
1000,0,MID-VOLUME STORES,7452.612540192926,1493.9423801272917,0.2004588823141231
1001,0,MID-VOLUME STORES,5420.721227621483,1809.7960776841815,0.333866288578409
1002,0,MID-VOLUME STORES,6063.507653061224,1398.918777866605,0.23071114244579977
1003,1,HIGH-VOLUME STORES,7382.803594351733,2604.378920516809,0.35276286132131535
1004,0,MID-VOLUME STORES,5165.445337620578,1460.2248495827405,0.2826909887028989
1005,0,MID-VOLUME STORES,6205.9807445442875,1317.1705559295171,0.2122421274167583
1006,0,MID-VOLUME STORES,6371.961538461538,1632.8782021834327,0.256259896160277
1007,0,MID-VOLUME STORES,6996.2040816326535,1880.9503207155476,0.2688529806689978
1008,0,MID-VOLUME STORES,5331.103316326531,1386.014845802859,0.25998649126873635
1009,0,MID-VOLUME STORES,4772.184887459807,1041.5498436813725,0.21825429404848154
1010,1,HIGH-VOLUME STORES,8874.156887755102,2387.302725583745,0.2690174126713757
1011,1,HIGH-VOLUME STORES,7878.237483953787,2059.642716497554,0.2614344541774206
1012,0,MID-VOLUME STORES,6049.710610932476,1295.7494762372194,0.21418371217553137
1013,0,MID-VOLUME STORES,3993.560975609756,1325.4476422152857,0.33189618245728925
1014,1,HIGH-VOLUME STORES,12206.806161745828,4571.511121651807,0.374505096671248
1015,0,MID-VOLUME STORES,6040.029525032092,1514.2043539777908,0.25069485963642624
1016,0,MID-VOLUME STORES,5409.414634146341,1920.6685201672383,0.35506032538959525
1017,0,MID-VOLUME STORES,7222.2125162972625,1674.8353227025389,0.23190058710169414
1018,1,HIGH-VOLUME STORES,11748.342710997442,2843.848280940955,0.24206378302863713
1019,1,HIGH-VOLUME STORES,9071.00481540931,2633.3482528668887,0.29030391962679875
1020,1,HIGH-VOLUME STORES,9032.451984635083,1822.181849916722,0.20173723071170463
1021,1,HIGH-VOLUME STORES,8877.748051948052,1469.162904497215,0.16548824047499697
1022,0,MID-VOLUME STORES,7325.00513478819,2132.6817959196633,0.29115089432375285
1023,0,MID-VOLUME STORES,6152.617948717949,1827.8348451068543,0.29708245503651487
1024,0,MID-VOLUME STORES,6135.470663265306,1383.57764048891,0.22550472757905227
1025,0,MID-VOLUME STORES,7425.501288659794,1343.32378918077,0.18090681517115761
1026,1,HIGH-VOLUME STORES,9495.616174582798,2753.180198599273,0.28994223734198454
1027,1,HIGH-VOLUME STORES,13104.088282504013,3754.721073670889,0.28653050809219766
1028,0,MID-VOLUME STORES,4732.635430038511,1781.5819580046198,0.37644605935558456
1029,0,MID-VOLUME STORES,5416.497435897436,1983.785013416089,0.3662486758082263
1030,0,MID-VOLUME STORES,3610.6705128205126,1430.31299047936,0.39613500744548863
1031,0,MID-VOLUME STORES,4843.85622593068,1495.1982010878621,0.30867931072842286
1032,1,HIGH-VOLUME STORES,9195.198717948719,2936.946415802017,0.31939999405006836
1033,1,HIGH-VOLUME STORES,13865.140306122448,3290.3356602008994,0.23730994332224548
1034,0,MID-VOLUME STORES,6503.775641025641,2681.1360575984454,0.41224301168784355
1035,0,MID-VOLUME STORES,4876.658974358975,1913.5637391885666,0.39239236314245246
1036,0,MID-VOLUME STORES,4986.202824133505,1109.7596453185793,0.22256608574911546
1037,0,MID-VOLUME STORES,6906.44358974359,1757.6180296129387,0.25448959464797316
1038,0,MID-VOLUME STORES,5897.262057877813,1382.6491167929707,0.23445610916102486
1039,1,HIGH-VOLUME STORES,8202.703511053316,2258.452239643485,0.27533022942986696
1040,1,HIGH-VOLUME STORES,8697.509627727855,2436.7374608917876,0.2801649627524888
1041,0,MID-VOLUME STORES,6111.715434083601,1061.2784474615657,0.17364657417507778
1042,0,MID-VOLUME STORES,4131.250320924262,1204.3109776266926,0.29151246815691834
1043,1,HIGH-VOLUME STORES,8792.828205128206,2357.417478270296,0.2681068506371351
1044,0,MID-VOLUME STORES,6622.019305019305,1646.96637115626,0.24871059646532678
1045,1,HIGH-VOLUME STORES,7535.886749716874,2511.7153787048446,0.33330057392372714
1046,1,HIGH-VOLUME STORES,8698.353846153846,2537.9429123534605,0.2917727833612636
1047,0,MID-VOLUME STORES,4885.469072164949,1456.6561713811802,0.2981609646616138
1048,0,MID-VOLUME STORES,6887.168582375479,1996.8399779088063,0.28993627120131693
1049,0,MID-VOLUME STORES,3985.379421221865,870.235158453739,0.21835691573550012
1050,0,MID-VOLUME STORES,7389.514724711908,1917.1951304059096,0.25944804250737247
1051,0,MID-VOLUME STORES,7490.758485639687,2053.4714386710402,0.27413398023814145
1052,0,MID-VOLUME STORES,7269.395378690629,1950.310594282063,0.2682906201524225
1053,1,HIGH-VOLUME STORES,8932.307397959185,2576.3525294912483,0.28843079561725365
1054,0,MID-VOLUME STORES,6034.232142857143,1797.535846932945,0.29788974046361955
1055,0,MID-VOLUME STORES,7914.593869731801,1916.6025503807666,0.24216056842923184
1056,0,MID-VOLUME STORES,3877.298555377207,1142.9809523107422,0.29478796538007274
1057,0,MID-VOLUME STORES,6423.996173469388,1404.5667348435313,0.21864376891198728
1058,0,MID-VOLUME STORES,7263.338896020539,2097.7248081822013,0.28880998645561057
1059,1,HIGH-VOLUME STORES,8424.552295918367,1833.3532467939306,0.21762025831119555
1060,0,MID-VOLUME STORES,7327.31322207959,1889.0170876127136,0.25780487749868364
1061,0,MID-VOLUME STORES,7378.339768339768,1785.7136226564078,0.24202106147494734
1062,0,MID-VOLUME STORES,6405.9807445442875,1815.0075692658963,0.2833301631154081
1063,0,MID-VOLUME STORES,4271.286989795918,1112.879292569736,0.2605489388159584
1064,1,HIGH-VOLUME STORES,9455.578947368422,2060.197402968055,0.2178816775192203
1065,0,MID-VOLUME STORES,4198.162379421222,1096.2907822409775,0.2611358692590917
1066,1,HIGH-VOLUME STORES,11073.919127086008,1924.0053878629647,0.17374204794009973
1067,0,MID-VOLUME STORES,5756.186495176848,1254.5067833660244,0.21794060779948407
1068,0,MID-VOLUME STORES,4441.53667953668,1128.255579917165,0.25402369975133454
1069,0,MID-VOLUME STORES,6305.269820971867,2230.9526321044327,0.3538234993027726
1070,0,MID-VOLUME STORES,7034.711734693878,1794.7002641458569,0.2551206548087439
1071,0,MID-VOLUME STORES,6027.225765306122,1357.771475852245,0.22527304081885238
1072,0,MID-VOLUME STORES,6821.911424903723,1972.9416943139393,0.2892065832329072
1073,0,MID-VOLUME STORES,7276.792041078305,1808.3295215466107,0.24850641757224726
1074,0,MID-VOLUME STORES,5146.24358974359,1455.4321176848605,0.2828144630746826
1075,1,HIGH-VOLUME STORES,11485.389030612245,1577.4930279766766,0.13734780979313385
1076,0,MID-VOLUME STORES,3620.02567394095,1019.9757416129155,0.28175925628243303
1077,0,MID-VOLUME STORES,4489.767650834403,1290.4325727696053,0.2874163371304491
1078,0,MID-VOLUME STORES,6808.079794079794,2174.8346160172173,0.3194490490414671
1079,1,HIGH-VOLUME STORES,8685.312419974392,2595.3799306305623,0.2988240152031531
1080,1,HIGH-VOLUME STORES,10190.765273311898,1805.7779182569095,0.1771974792693905
1081,0,MID-VOLUME STORES,5924.919418758256,2154.4077581719803,0.3636180690240511
1082,0,MID-VOLUME STORES,7044.78717948718,1983.6774069333085,0.2815808847582119
1083,0,MID-VOLUME STORES,5146.368758002561,1235.9199365186348,0.2401537850541296
1084,0,MID-VOLUME STORES,6271.369565217391,1235.5432134331672,0.19701329997929062
1085,0,MID-VOLUME STORES,7567.2334183673465,1944.0015912610752,0.2568972679688397
1086,1,HIGH-VOLUME STORES,7677.409731113957,3061.3504215786943,0.3987478236536044
1087,0,MID-VOLUME STORES,6282.202806122449,1370.3662498359445,0.21813467220453725
1088,0,MID-VOLUME STORES,5084.703465982028,1599.7379800319206,0.31461775317569224
1089,1,HIGH-VOLUME STORES,10160.761232349165,2279.6327737202664,0.22435649471444336
1090,0,MID-VOLUME STORES,6453.071794871795,2365.2010365909705,0.3665232794202874
1091,1,HIGH-VOLUME STORES,8276.345663265307,2193.6272559600907,0.2650478055425525
1092,1,HIGH-VOLUME STORES,11960.538585209004,1881.2396093833918,0.15728719873115296
1093,1,HIGH-VOLUME STORES,8338.826923076924,1938.9534363376986,0.23252112727892532
1094,0,MID-VOLUME STORES,4574.715434083601,1022.1727439967183,0.22343963438274014
1095,0,MID-VOLUME STORES,4781.415601023018,1354.59944324457,0.28330510381794544
1096,0,MID-VOLUME STORES,5456.523748395379,1565.2449508570096,0.28685753476603254
1097,1,HIGH-VOLUME STORES,9744.599787685775,1900.8919585742137,0.19507132155148804
1098,0,MID-VOLUME STORES,5259.497435897436,1670.5200427073964,0.31761970854965405
1099,1,HIGH-VOLUME STORES,7743.111982082867,2128.2315741445686,0.27485481019377983
1100,0,MID-VOLUME STORES,5419.211963589077,2022.9007619686518,0.3732831960735689
1101,1,HIGH-VOLUME STORES,9972.266581632653,2524.2224505635477,0.2531242451152247
1102,0,MID-VOLUME STORES,6999.988745980708,1267.1549903620285,0.18102243251313946
1103,0,MID-VOLUME STORES,5019.544174135724,1449.4535671205374,0.2887619904988898
1104,0,MID-VOLUME STORES,5461.434083601286,1278.6946612506179,0.23413166609299121
1105,0,MID-VOLUME STORES,4564.572528883184,1579.5896471173648,0.3460542333640701
1106,0,MID-VOLUME STORES,4894.095663265306,1388.8520687036266,0.28378114451833053
1107,0,MID-VOLUME STORES,6231.720706260032,2014.6614539320572,0.3232913586625028
1108,0,MID-VOLUME STORES,5746.921794871795,2441.871581770977,0.42490078496456235
1109,0,MID-VOLUME STORES,4927.204180064308,1394.9246460749282,0.28310672647154683
1110,0,MID-VOLUME STORES,4531.910600255428,1433.1659924162439,0.3162388049613043
1111,0,MID-VOLUME STORES,5251.702182284981,1667.623036667621,0.3175395288584413
1112,1,HIGH-VOLUME STORES,10236.577663671373,3334.9217871704514,0.3257848371537069
1113,0,MID-VOLUME STORES,6627.859693877551,1456.489301811588,0.2197525851606382
1114,1,HIGH-VOLUME STORES,20666.5625,3452.9386005960164,0.1670785163520066
1115,0,MID-VOLUME STORES,6302.469910371319,1728.1617566380398,0.27420388850951655
